record_id,period_end,meter_id,raw_kwh,peak_kw,reading_basis,ledger_state,quality_status,record_role,review_cycle,revision_no
R00290,2026-10-10,M-220,1578.312,211.789,interval_meter,posted,approved,operational,OCT-2026,1
R00045,2026-08-15,M-215,1482.852,206.402,interval_meter,posted,approved,operational,BASELINE-2026,1
R00322,2026-10-17,M-222,2517.097,395.699,interval_meter,posted,approved,operational,OCT-2026,1
R00232,2026-09-26,M-222,2517.595,340.932,interval_meter,posted,approved,operational,BASELINE-2026,1
R00416,2026-10-17,M-223,5259,721,interval_meter,posted,approved,reference,OCT-2026,5
R00058,2026-08-15,M-228,1593.606,246.083,interval_meter,posted,approved,operational,BASELINE-2026,1
R00198,2026-09-19,M-218,2865.09,402.786,interval_meter,posted,approved,operational,BASELINE-2026,1
R00159,2026-09-12,M-209,2423.729,236.077,interval_meter,posted,approved,operational,BASELINE-2026,1
R00194,2026-09-19,M-214,2579.681,371.554,interval_meter,posted,approved,operational,BASELINE-2026,1
R00151,2026-09-12,M-201,3177.189,296.436,interval_meter,posted,approved,operational,BASELINE-2026,1
R00404,2026-08-15,M-222,2828.93,352.335,interval_meter,posted,approved,operational,BASELINE-2026,1
R00346,2026-10-24,M-216,3549.91,471.204,interval_meter,posted,approved,operational,OCT-2026,1
R00216,2026-09-26,M-206,2045.187,286.579,interval_meter,posted,approved,operational,BASELINE-2026,1
R00158,2026-09-12,M-208,2572.475,348.867,interval_meter,posted,approved,operational,BASELINE-2026,1
R00386,2026-10-31,M-226,1532.54,281.605,interval_meter,posted,approved,operational,OCT-2026,1
R00120,2026-08-29,M-230,2374.592,403.135,interval_meter,posted,approved,operational,BASELINE-2026,2
R00056,2026-08-15,M-226,1414.563,207.825,interval_meter,posted,approved,operational,BASELINE-2026,1
R00023,2026-08-08,M-223,3063.136,372.702,interval_meter,posted,approved,operational,BASELINE-2026,1
R00218,2026-09-26,M-208,2498.269,337.238,interval_meter,posted,approved,operational,BASELINE-2026,1
R00253,2026-10-03,M-213,1664.74,246.425,interval_meter,posted,approved,operational,OCT-2026,1
R00021,2026-08-08,M-221,827.54,120.091,interval_meter,posted,approved,operational,BASELINE-2026,1
R00432,2026-10-24,M-215,5851,769,interval_meter,posted,approved,reference,OCT-2026,5
R00171,2026-09-12,M-221,915.576,138.567,interval_meter,posted,approved,operational,BASELINE-2026,1
R00454,2026-10-10,M-231,4200,610,interval_meter,posted,approved,operational,OCT-2026,1
R00128,2026-09-05,M-208,2523.004,341.115,interval_meter,posted,approved,operational,BASELINE-2026,1
R00384,2026-10-31,M-224,3197.965,411.792,interval_meter,posted,approved,operational,OCT-2026,1
R00243,2026-10-03,M-203,1621.636,165.943,interval_meter,posted,approved,operational,OCT-2026,1
R00437,2026-09-05,M-202,5148,712,interval_meter,pending,approved,operational,BASELINE-2026,5
R00358,2026-10-24,M-228,1929.085,323.443,interval_meter,posted,approved,operational,OCT-2026,1
R00214,2026-09-26,M-204,2133.159,247.135,interval_meter,posted,approved,operational,BASELINE-2026,1
R00206,2026-09-19,M-226,1502.062,228.35,interval_meter,posted,approved,operational,BASELINE-2026,1
R00418,2026-10-31,M-207,5333,727,estimated,posted,approved,operational,OCT-2026,5
R00103,2026-08-29,M-213,1926.782,238.38,interval_meter,posted,approved,operational,BASELINE-2026,2
R00180,2026-09-12,M-230,2469.576,421.886,interval_meter,posted,approved,operational,BASELINE-2026,1
R00286,2026-10-10,M-216,3274.189,422.626,interval_meter,posted,approved,operational,OCT-2026,1
R00164,2026-09-12,M-214,2604.726,375.729,interval_meter,posted,approved,operational,BASELINE-2026,1
R00260,2026-10-03,M-220,1495.243,197.182,interval_meter,posted,approved,operational,OCT-2026,1
R00092,2026-08-29,M-202,2725.89,286.565,interval_meter,posted,approved,operational,BASELINE-2026,1
R00362,2026-10-31,M-202,3634.702,365.724,interval_meter,posted,approved,operational,OCT-2026,1
R00116,2026-08-29,M-226,1458.312,220.653,interval_meter,posted,approved,operational,BASELINE-2026,1
R00354,2026-10-24,M-224,2914.96,399.438,interval_meter,posted,approved,operational,OCT-2026,1
R00442,2026-08-15,M-207,5333,727,estimated,posted,approved,operational,BASELINE-2026,5
R00318,2026-10-17,M-218,2946.592,456.984,interval_meter,posted,approved,operational,OCT-2026,1
R00131,2026-09-05,M-211,2592.375,348.769,interval_meter,posted,approved,operational,BASELINE-2026,1
R00324,2026-10-17,M-224,2801.757,378.849,interval_meter,posted,approved,operational,OCT-2026,1
R00305,2026-10-17,M-205,1919.712,239.583,interval_meter,posted,approved,operational,OCT-2026,1
R00409,2026-10-03,M-204,5000,700,interval_meter,pending,approved,operational,OCT-2026,5
R00150,2026-09-05,M-230,2422.084,412.511,interval_meter,posted,approved,operational,BASELINE-2026,1
R00239,2026-09-26,M-229,1056.557,168.298,interval_meter,posted,approved,operational,BASELINE-2026,1
R00444,2026-08-29,M-221,5407,733,interval_meter,posted,approved,reference,BASELINE-2026,5
R00220,2026-09-26,M-210,1918.098,185.964,interval_meter,posted,approved,operational,BASELINE-2026,1
R00184,2026-09-19,M-204,2175.4,252.817,interval_meter,posted,approved,operational,BASELINE-2026,1
R00474,2026-11-07,M-202,4000,500,interval_meter,posted,approved,operational,NOV-2026,1
R00041,2026-08-15,M-211,2465.298,321.026,interval_meter,posted,approved,operational,BASELINE-2026,1
R00376,2026-10-31,M-216,3894.561,485.777,interval_meter,posted,approved,operational,OCT-2026,1
R00473,2026-11-07,M-201,4000,500,interval_meter,posted,approved,operational,NOV-2026,1
R00334,2026-10-24,M-204,2262.416,302.424,interval_meter,posted,approved,operational,OCT-2026,1
R00119,2026-08-29,M-229,1046.096,166.363,interval_meter,posted,approved,operational,BASELINE-2026,1
R00248,2026-10-03,M-208,2292.965,344.613,interval_meter,posted,approved,operational,OCT-2026,2
R00441,2026-08-08,M-230,5296,724,interval_meter,pending,approved,operational,BASELINE-2026,5
R00200,2026-09-19,M-220,1306.277,197.399,interval_meter,posted,approved,operational,BASELINE-2026,1
R00394,2026-10-10,M-217,2366.025,327.519,interval_meter,posted,approved,operational,OCT-2026,1
R00054,2026-08-15,M-224,2018.497,303.902,interval_meter,posted,approved,operational,BASELINE-2026,1
R00160,2026-09-12,M-210,1975.071,192.377,interval_meter,posted,approved,operational,BASELINE-2026,1
R00325,2026-10-17,M-225,2104.855,284.615,interval_meter,posted,approved,operational,OCT-2026,1
R00097,2026-08-29,M-207,1460.362,204.302,interval_meter,posted,approved,operational,BASELINE-2026,1
R00329,2026-10-17,M-229,1180.624,195.333,interval_meter,posted,approved,operational,OCT-2026,1
R00389,2026-10-31,M-229,1347.581,212.319,interval_meter,posted,approved,operational,OCT-2026,1
R00122,2026-09-05,M-202,2780.408,293.229,interval_meter,posted,approved,operational,BASELINE-2026,1
R00048,2026-08-15,M-218,2698.192,366.581,interval_meter,posted,approved,operational,BASELINE-2026,1
R00223,2026-09-26,M-213,1946.05,241.152,interval_meter,posted,approved,operational,BASELINE-2026,1
R00014,2026-08-08,M-214,2354.272,325.632,interval_meter,posted,approved,operational,BASELINE-2026,1
R00369,2026-10-31,M-209,2949.492,287.899,interval_meter,posted,approved,operational,OCT-2026,1
R00350,2026-10-24,M-220,1711.223,236.132,interval_meter,posted,approved,operational,OCT-2026,1
R00341,2026-10-24,M-211,2748.68,421.945,interval_meter,posted,approved,operational,OCT-2026,1
R00203,2026-09-19,M-223,3356.415,425.263,interval_meter,posted,approved,operational,BASELINE-2026,1
R00067,2026-08-22,M-207,1445.758,199.551,interval_meter,posted,approved,operational,BASELINE-2026,1
R00174,2026-09-12,M-224,2164.162,337.669,interval_meter,posted,approved,operational,BASELINE-2026,1
R00062,2026-08-22,M-202,2698.631,279.9,interval_meter,posted,approved,operational,BASELINE-2026,1
R00165,2026-09-12,M-215,1589.862,229.336,interval_meter,posted,approved,operational,BASELINE-2026,1
R00421,2026-10-17,M-228,5444,736,interval_meter,pending,approved,operational,OCT-2026,5
R00020,2026-08-08,M-220,1192.136,173.001,interval_meter,posted,approved,operational,BASELINE-2026,1
R00343,2026-10-24,M-213,1905.202,295.102,interval_meter,posted,approved,operational,OCT-2026,1
R00306,2026-10-17,M-206,2566.001,332.615,interval_meter,posted,approved,operational,OCT-2026,1
R00090,2026-08-22,M-230,2350.846,393.76,interval_meter,posted,approved,operational,BASELINE-2026,1
R00129,2026-09-05,M-209,2377.119,230.831,interval_meter,posted,approved,operational,BASELINE-2026,1
R00419,2026-10-03,M-214,5370,730,interval_meter,posted,provisional,operational,OCT-2026,5
R00235,2026-09-26,M-225,1578.954,245.222,interval_meter,posted,approved,operational,BASELINE-2026,1
R00195,2026-09-19,M-215,1574.575,226.788,interval_meter,posted,approved,operational,BASELINE-2026,1
R00029,2026-08-08,M-229,983.33,150.888,interval_meter,posted,approved,operational,BASELINE-2026,1
R00277,2026-10-10,M-207,1775.8,226.841,interval_meter,posted,approved,operational,OCT-2026,1
R00452,2026-08-29,M-217,5703,757,interval_meter,posted,approved,reference,BASELINE-2026,5
R00372,2026-10-31,M-212,3762.831,458.248,interval_meter,posted,approved,operational,OCT-2026,1
R00304,2026-10-17,M-204,2174.555,286.835,interval_meter,posted,approved,operational,OCT-2026,1
R00167,2026-09-12,M-217,2282.294,278.105,interval_meter,posted,approved,operational,BASELINE-2026,1
R00142,2026-09-05,M-222,2542.522,344.851,interval_meter,posted,approved,operational,BASELINE-2026,1
R00123,2026-09-05,M-203,1557.504,164.258,interval_meter,posted,approved,operational,BASELINE-2026,1
R00166,2026-09-12,M-216,3229.167,398.337,interval_meter,posted,approved,operational,BASELINE-2026,1
R00288,2026-10-10,M-218,2827.538,432.148,interval_meter,posted,approved,operational,OCT-2026,1
R00333,2026-10-24,M-203,1855.872,198.722,interval_meter,posted,approved,operational,OCT-2026,1
R00207,2026-09-19,M-227,1341.146,186.803,interval_meter,posted,approved,operational,BASELINE-2026,1
R00461,2026-10-24,M-232,3800,590,interval_meter,posted,approved,operational,OCT-2026,1
R00038,2026-08-15,M-208,2399.327,313.98,interval_meter,posted,approved,operational,BASELINE-2026,1
R00111,2026-08-29,M-221,880.361,132.409,interval_meter,posted,approved,operational,BASELINE-2026,1
R00320,2026-10-17,M-220,1644.768,223.96,interval_meter,posted,approved,operational,OCT-2026,1
R00296,2026-10-10,M-226,1288.419,244.996,interval_meter,posted,approved,operational,OCT-2026,1
R00271,2026-10-10,M-201,3076.375,314.511,interval_meter,posted,approved,operational,OCT-2026,1
R00264,2026-10-03,M-224,2547.052,333.551,interval_meter,posted,approved,operational,OCT-2026,1
R00478,2026-11-07,M-206,4000,500,interval_meter,posted,approved,operational,NOV-2026,1
R00403,2026-08-15,M-205,2500.781,213.329,interval_meter,posted,approved,operational,BASELINE-2026,1
R00135,2026-09-05,M-215,1559.288,224.24,interval_meter,posted,approved,operational,BASELINE-2026,1
R00476,2026-11-07,M-204,4000,500,interval_meter,posted,approved,operational,NOV-2026,1
R00224,2026-09-26,M-214,2529.59,363.205,interval_meter,posted,approved,operational,BASELINE-2026,1
R00261,2026-10-03,M-221,1037.946,136.877,interval_meter,posted,approved,operational,OCT-2026,2
R00262,2026-10-03,M-222,2288.27,348.387,interval_meter,posted,approved,operational,OCT-2026,1
R00470,2026-10-17,M-191,3500,650,interval_meter,posted,approved,operational,OCT-2026,1
R00428,2026-10-31,M-217,5703,757,interval_meter,posted,approved,reference,OCT-2026,5
R00255,2026-10-03,M-215,1513.427,226.539,interval_meter,posted,approved,operational,OCT-2026,1
R00094,2026-08-29,M-204,2112.039,244.295,interval_meter,posted,approved,operational,BASELINE-2026,1
R00204,2026-09-19,M-224,2143.353,333.917,interval_meter,posted,approved,operational,BASELINE-2026,1
R00415,2026-10-10,M-216,5222,718,interval_meter,posted,provisional,operational,OCT-2026,5
R00176,2026-09-12,M-226,1516.645,230.916,interval_meter,posted,approved,operational,BASELINE-2026,1
R00284,2026-10-10,M-214,2617.249,398.64,interval_meter,posted,approved,operational,OCT-2026,1
R00349,2026-10-24,M-219,2290.886,316.12,interval_meter,posted,approved,operational,OCT-2026,1
R00001,2026-08-08,M-201,2871.69,256.911,interval_meter,posted,approved,operational,BASELINE-2026,2
R00379,2026-10-31,M-219,2513.302,325.897,interval_meter,posted,approved,operational,OCT-2026,1
R00397,2026-10-17,M-226,1570.922,287.575,interval_meter,posted,approved,operational,OCT-2026,1
R00088,2026-08-22,M-228,1626.464,255.198,interval_meter,posted,approved,operational,BASELINE-2026,1
R00257,2026-10-03,M-217,1915.81,274.713,interval_meter,posted,approved,operational,OCT-2026,1
R00025,2026-08-08,M-225,1469.521,219.855,interval_meter,posted,approved,operational,BASELINE-2026,1
R00187,2026-09-19,M-207,1504.172,211.429,interval_meter,posted,approved,operational,BASELINE-2026,1
R00168,2026-09-12,M-218,2892.907,407.312,interval_meter,posted,approved,operational,BASELINE-2026,1
R00331,2026-10-24,M-201,3335.438,350.662,interval_meter,posted,approved,operational,OCT-2026,1
R00463,2026-10-03,M-190,3500,650,interval_meter,posted,approved,operational,OCT-2026,1
R00393,2026-10-10,M-204,2441.432,301.083,interval_meter,posted,approved,operational,OCT-2026,1
R00402,2026-08-08,M-218,3059.249,391.834,interval_meter,posted,approved,operational,BASELINE-2026,1
R00015,2026-08-08,M-215,1436.991,198.758,interval_meter,posted,approved,operational,BASELINE-2026,1
R00219,2026-09-26,M-209,2353.814,228.208,interval_meter,posted,approved,operational,BASELINE-2026,1
R00169,2026-09-12,M-219,1765.747,267.235,interval_meter,posted,approved,operational,BASELINE-2026,1
R00229,2026-09-26,M-219,1714.812,258.328,interval_meter,posted,approved,operational,BASELINE-2026,1
R00057,2026-08-15,M-227,1263.021,170.012,interval_meter,posted,approved,operational,BASELINE-2026,1
R00266,2026-10-03,M-226,1220.607,228.1,interval_meter,posted,approved,operational,OCT-2026,1
R00071,2026-08-22,M-211,2516.129,332.916,interval_meter,posted,approved,operational,BASELINE-2026,1
R00068,2026-08-22,M-208,2448.798,325.609,interval_meter,posted,approved,operational,BASELINE-2026,1
R00073,2026-08-22,M-213,1907.514,232.836,interval_meter,posted,approved,operational,BASELINE-2026,1
R00010,2026-08-08,M-210,1785.16,166.727,interval_meter,posted,approved,operational,BASELINE-2026,1
R00445,2026-09-05,M-228,5444,736,interval_meter,pending,approved,operational,BASELINE-2026,5
R00047,2026-08-15,M-217,2128.678,250.294,interval_meter,posted,approved,operational,BASELINE-2026,1
R00133,2026-09-05,M-213,1965.318,243.924,interval_meter,posted,approved,operational,BASELINE-2026,1
R00099,2026-08-29,M-209,2330.508,225.585,interval_meter,posted,approved,operational,BASELINE-2026,1
R00374,2026-10-31,M-214,3113.149,458.206,interval_meter,posted,approved,operational,OCT-2026,1
R00259,2026-10-03,M-219,2001.745,263.976,interval_meter,posted,approved,operational,OCT-2026,1
R00276,2026-10-10,M-206,2462.324,314.538,interval_meter,posted,approved,operational,OCT-2026,1
R00152,2026-09-12,M-202,2834.925,299.893,interval_meter,posted,approved,operational,BASELINE-2026,1
R00191,2026-09-19,M-211,2617.791,352.733,interval_meter,posted,approved,operational,BASELINE-2026,1
R00357,2026-10-24,M-227,1354.557,223.458,interval_meter,posted,approved,operational,OCT-2026,1
R00137,2026-09-05,M-217,2238.404,271.925,interval_meter,posted,approved,operational,BASELINE-2026,1
R00031,2026-08-15,M-201,2963.34,266.792,interval_meter,posted,approved,operational,BASELINE-2026,1
R00083,2026-08-22,M-223,3226.069,401.371,interval_meter,posted,approved,operational,BASELINE-2026,1
R00435,2026-08-22,M-218,5074,706,interval_meter,posted,provisional,operational,BASELINE-2026,5
R00330,2026-10-17,M-230,2797.507,473.335,interval_meter,posted,approved,operational,OCT-2026,1
R00242,2026-10-03,M-202,2894.895,296.236,interval_meter,posted,approved,operational,OCT-2026,1
R00212,2026-09-26,M-202,2753.149,289.897,interval_meter,posted,approved,operational,BASELINE-2026,1
R00196,2026-09-19,M-216,3198.117,393.911,interval_meter,posted,approved,operational,BASELINE-2026,1
R00217,2026-09-26,M-207,1474.965,206.678,interval_meter,posted,approved,operational,BASELINE-2026,1
R00063,2026-08-22,M-203,1511.695,156.792,interval_meter,posted,approved,operational,BASELINE-2026,1
R00215,2026-09-26,M-205,2225.561,206.424,interval_meter,posted,approved,operational,BASELINE-2026,1
R00178,2026-09-12,M-228,1708.608,273.426,interval_meter,posted,approved,operational,BASELINE-2026,1
R00344,2026-10-24,M-214,2837.649,444.46,interval_meter,posted,approved,operational,OCT-2026,1
R00412,2026-10-24,M-225,5111,709,interval_meter,posted,approved,reference,OCT-2026,5
R00098,2026-08-29,M-208,2473.533,333.362,interval_meter,posted,approved,operational,BASELINE-2026,1
R00222,2026-09-26,M-212,3085.54,363.238,interval_meter,posted,approved,operational,BASELINE-2026,1
R00287,2026-10-10,M-217,2022.244,295.062,interval_meter,posted,approved,operational,OCT-2026,2
R00140,2026-09-05,M-220,1293.595,195.181,interval_meter,posted,approved,operational,BASELINE-2026,1
R00075,2026-08-22,M-215,1513.427,214.047,interval_meter,posted,approved,operational,BASELINE-2026,1
R00285,2026-10-10,M-215,1597.506,243.32,interval_meter,posted,approved,operational,OCT-2026,1
R00340,2026-10-24,M-210,2190.81,227.568,interval_meter,posted,approved,operational,OCT-2026,1
R00342,2026-10-24,M-212,3429.837,444.501,interval_meter,posted,approved,operational,OCT-2026,1
R00086,2026-08-22,M-226,1443.729,215.522,interval_meter,posted,approved,operational,BASELINE-2026,2
R00395,2026-10-10,M-230,3140.837,496.848,interval_meter,posted,approved,operational,OCT-2026,1
R00052,2026-08-15,M-222,2417.889,317.419,interval_meter,posted,approved,operational,BASELINE-2026,2
R00291,2026-10-10,M-221,1095.609,147.016,interval_meter,posted,approved,operational,OCT-2026,1
R00117,2026-08-29,M-227,1302.083,180.507,interval_meter,posted,approved,operational,BASELINE-2026,1
R00385,2026-10-31,M-225,2402.511,309.364,interval_meter,posted,approved,operational,OCT-2026,1
R00238,2026-09-26,M-228,1659.322,264.312,interval_meter,posted,approved,operational,BASELINE-2026,1
R00017,2026-08-08,M-217,2062.843,241.024,interval_meter,posted,approved,operational,BASELINE-2026,1
R00413,2026-10-31,M-202,5148,712,interval_meter,pending,approved,operational,OCT-2026,5
R00055,2026-08-15,M-225,1516.421,228.31,interval_meter,posted,approved,operational,BASELINE-2026,1
R00448,2026-09-26,M-219,5555,745,interval_meter,posted,approved,reference,BASELINE-2026,5
R00368,2026-10-31,M-208,2878.945,425.448,interval_meter,posted,approved,operational,OCT-2026,1
R00121,2026-09-05,M-201,3116.09,289.848,interval_meter,posted,approved,operational,BASELINE-2026,1
R00443,2026-08-22,M-214,5370,730,interval_meter,posted,provisional,operational,BASELINE-2026,5
R00302,2026-10-17,M-202,3184.385,336.466,interval_meter,posted,approved,operational,OCT-2026,1
R00109,2026-08-29,M-219,1697.833,255.358,interval_meter,posted,approved,operational,BASELINE-2026,1
R00246,2026-10-03,M-206,2332.728,292.846,interval_meter,posted,approved,operational,OCT-2026,1
R00407,2026-08-29,M-213,2254.335,264.602,interval_meter,posted,approved,operational,BASELINE-2026,1
R00424,2026-10-03,M-219,5555,745,interval_meter,posted,approved,reference,OCT-2026,5
R00449,2026-08-08,M-226,5592,748,interval_meter,pending,approved,operational,BASELINE-2026,5
R00205,2026-09-19,M-225,1610.22,250.86,interval_meter,posted,approved,operational,BASELINE-2026,1
R00107,2026-08-29,M-217,2194.514,265.745,interval_meter,posted,approved,operational,BASELINE-2026,1
R00314,2026-10-17,M-214,2727.449,421.55,interval_meter,posted,approved,operational,OCT-2026,1
R00202,2026-09-19,M-222,2567.449,348.769,interval_meter,posted,approved,operational,BASELINE-2026,1
R00172,2026-09-12,M-222,2592.375,352.688,interval_meter,posted,approved,operational,BASELINE-2026,1
R00209,2026-09-19,M-229,1077.479,172.167,interval_meter,posted,approved,operational,BASELINE-2026,1
R00132,2026-09-05,M-212,3116.09,367.413,interval_meter,posted,approved,operational,BASELINE-2026,1
R00309,2026-10-17,M-209,2584.068,264.867,interval_meter,posted,approved,operational,OCT-2026,1
R00007,2026-08-08,M-207,1372.74,185.297,interval_meter,posted,approved,operational,BASELINE-2026,1
R00382,2026-10-31,M-222,2873.05,430.108,interval_meter,posted,approved,operational,OCT-2026,1
R00113,2026-08-29,M-223,3258.656,410.928,interval_meter,posted,approved,operational,BASELINE-2026,1
R00332,2026-10-24,M-202,3313.047,354.752,interval_meter,posted,approved,operational,OCT-2026,1
R00101,2026-08-29,M-211,2541.544,340.843,interval_meter,posted,approved,operational,BASELINE-2026,1
R00383,2026-10-31,M-223,4271.446,524.44,interval_meter,posted,approved,operational,OCT-2026,1
R00408,2026-08-29,M-230,2778.273,447.48,interval_meter,posted,approved,operational,BASELINE-2026,1
R00066,2026-08-22,M-206,2004.688,276.697,interval_meter,posted,approved,operational,BASELINE-2026,1
R00275,2026-10-10,M-205,1842.147,226.562,interval_meter,posted,approved,operational,OCT-2026,1
R00398,2026-10-24,M-209,3145.516,309.981,interval_meter,posted,approved,operational,OCT-2026,1
R00252,2026-10-03,M-212,2996.945,371.181,interval_meter,posted,approved,operational,OCT-2026,1
R00145,2026-09-05,M-225,1594.587,248.041,interval_meter,posted,approved,operational,BASELINE-2026,1
R00375,2026-10-31,M-215,1900.191,279.678,interval_meter,posted,approved,operational,OCT-2026,1
R00011,2026-08-08,M-211,2389.052,309.137,interval_meter,posted,approved,operational,BASELINE-2026,1
R00298,2026-10-10,M-228,1779.253,290.098,interval_meter,posted,approved,operational,OCT-2026,1
R00279,2026-10-10,M-209,2479.661,250.472,interval_meter,posted,approved,operational,OCT-2026,1
R00192,2026-09-19,M-212,3146.64,371.589,interval_meter,posted,approved,operational,BASELINE-2026,1
R00405,2026-08-22,M-209,2699.428,244.576,interval_meter,posted,approved,operational,BASELINE-2026,1
R00269,2026-10-03,M-229,1073.294,171.978,interval_meter,posted,approved,operational,OCT-2026,1
R00367,2026-10-31,M-207,2112.267,260.737,interval_meter,posted,approved,operational,OCT-2026,1
R00177,2026-09-12,M-227,1354.167,188.902,interval_meter,posted,approved,operational,BASELINE-2026,1
R00464,2026-10-10,M-190,3500,650,interval_meter,posted,approved,operational,OCT-2026,1
R00326,2026-10-17,M-226,1342.668,259.077,interval_meter,posted,approved,operational,OCT-2026,2
R00084,2026-08-22,M-224,2060.116,315.158,interval_meter,posted,approved,operational,BASELINE-2026,1
R00301,2026-10-17,M-201,3205.906,332.587,interval_meter,posted,approved,operational,OCT-2026,1
R00274,2026-10-10,M-204,2086.694,271.246,interval_meter,posted,approved,operational,OCT-2026,2
R00081,2026-08-22,M-221,871.558,129.329,interval_meter,posted,approved,operational,BASELINE-2026,1
R00411,2026-10-17,M-218,5074,706,interval_meter,posted,provisional,operational,OCT-2026,5
R00365,2026-10-31,M-205,2191.186,260.417,interval_meter,posted,approved,operational,OCT-2026,2
R00028,2026-08-08,M-228,1544.319,236.969,interval_meter,posted,approved,operational,BASELINE-2026,1
R00162,2026-09-12,M-212,3177.189,375.764,interval_meter,posted,approved,operational,BASELINE-2026,1
R00469,2026-10-10,M-191,3500,650,interval_meter,posted,approved,operational,OCT-2026,1
R00022,2026-08-08,M-222,2343.109,305.663,interval_meter,posted,approved,operational,BASELINE-2026,1
R00265,2026-10-03,M-225,1913.504,250.585,interval_meter,posted,approved,operational,OCT-2026,1
R00042,2026-08-15,M-212,2963.34,338.187,interval_meter,posted,approved,operational,BASELINE-2026,1
R00102,2026-08-29,M-212,3054.99,359.063,interval_meter,posted,approved,operational,BASELINE-2026,1
R00072,2026-08-22,M-212,3024.44,350.713,interval_meter,posted,approved,operational,BASELINE-2026,1
R00381,2026-10-31,M-221,1303.199,168.984,interval_meter,posted,approved,operational,OCT-2026,1
R00032,2026-08-15,M-202,2644.113,269.904,interval_meter,posted,approved,operational,BASELINE-2026,1
R00018,2026-08-08,M-218,2614.743,353.004,interval_meter,posted,approved,operational,BASELINE-2026,2
R00114,2026-08-29,M-224,2080.925,322.662,interval_meter,posted,approved,operational,BASELINE-2026,1
R00225,2026-09-26,M-215,1544.001,221.692,interval_meter,posted,approved,operational,BASELINE-2026,1
R00392,2026-10-03,M-221,1214.397,151.933,interval_meter,posted,approved,operational,OCT-2026,1
R00247,2026-10-03,M-207,1682.337,211.197,interval_meter,posted,approved,operational,OCT-2026,1
R00348,2026-10-24,M-218,3065.647,481.82,interval_meter,posted,approved,operational,OCT-2026,1
R00110,2026-08-29,M-220,1268.23,190.745,interval_meter,posted,approved,operational,BASELINE-2026,1
R00069,2026-08-22,M-209,2307.203,220.339,interval_meter,posted,approved,operational,BASELINE-2026,2
R00108,2026-08-29,M-218,2781.641,389.209,interval_meter,posted,approved,operational,BASELINE-2026,1
R00360,2026-10-24,M-230,2910.537,499.06,interval_meter,posted,approved,operational,OCT-2026,1
R00380,2026-10-31,M-220,1877.361,243.435,interval_meter,posted,approved,operational,OCT-2026,1
R00106,2026-08-29,M-216,3104.968,380.633,interval_meter,posted,approved,operational,BASELINE-2026,1
R00237,2026-09-26,M-227,1315.104,182.606,interval_meter,posted,approved,operational,BASELINE-2026,1
R00170,2026-09-12,M-220,1318.959,199.617,interval_meter,posted,approved,operational,BASELINE-2026,1
R00289,2026-10-10,M-219,2112.953,283.53,interval_meter,posted,approved,operational,OCT-2026,1
R00193,2026-09-19,M-213,1984.586,246.696,interval_meter,posted,approved,operational,BASELINE-2026,1
R00312,2026-10-17,M-212,3296.64,421.589,interval_meter,posted,approved,operational,OCT-2026,1
R00321,2026-10-17,M-221,1141.74,155.465,interval_meter,posted,approved,operational,OCT-2026,1
R00003,2026-08-08,M-203,1435.346,145.593,interval_meter,posted,approved,operational,BASELINE-2026,1
R00371,2026-10-31,M-211,3015.543,434.995,interval_meter,posted,approved,operational,OCT-2026,1
R00211,2026-09-26,M-201,3085.54,286.555,interval_meter,posted,approved,operational,BASELINE-2026,1
R00251,2026-10-03,M-211,2401.76,352.346,interval_meter,posted,approved,operational,OCT-2026,1
R00339,2026-10-24,M-209,2688.475,279.262,interval_meter,posted,approved,operational,OCT-2026,2
R00115,2026-08-29,M-225,1563.321,242.404,interval_meter,posted,approved,operational,BASELINE-2026,1
R00227,2026-09-26,M-217,2216.459,268.835,interval_meter,posted,approved,operational,BASELINE-2026,1
R00039,2026-08-15,M-209,2260.593,212.47,interval_meter,posted,approved,operational,BASELINE-2026,1
R00004,2026-08-08,M-204,1985.316,221.57,interval_meter,posted,approved,operational,BASELINE-2026,1
R00230,2026-09-26,M-220,1280.912,192.963,interval_meter,posted,approved,operational,BASELINE-2026,1
R00161,2026-09-12,M-211,2643.206,356.696,interval_meter,posted,approved,operational,BASELINE-2026,1
R00043,2026-08-15,M-213,1868.979,224.521,interval_meter,posted,approved,operational,BASELINE-2026,1
R00338,2026-10-24,M-208,2624.171,412.684,interval_meter,posted,approved,operational,OCT-2026,1
R00328,2026-10-17,M-228,1854.169,306.771,interval_meter,posted,approved,operational,OCT-2026,1
R00427,2026-10-24,M-210,5666,754,interval_meter,posted,provisional,operational,OCT-2026,5
R00282,2026-10-10,M-212,3163.442,398.676,interval_meter,posted,approved,operational,OCT-2026,1
R00345,2026-10-24,M-215,1732.033,271.288,interval_meter,posted,approved,operational,OCT-2026,1
R00087,2026-08-22,M-227,1289.062,176.309,interval_meter,posted,approved,operational,BASELINE-2026,1
R00061,2026-08-22,M-201,3024.44,276.673,interval_meter,posted,approved,operational,BASELINE-2026,1
R00226,2026-09-26,M-216,3136.018,385.059,interval_meter,posted,approved,operational,BASELINE-2026,1
R00297,2026-10-10,M-227,1249.349,200.421,interval_meter,posted,approved,operational,OCT-2026,1
R00089,2026-08-22,M-229,1035.635,162.495,interval_meter,posted,approved,operational,BASELINE-2026,1
R00431,2026-10-17,M-208,5814,766,interval_meter,posted,provisional,operational,OCT-2026,5
R00295,2026-10-10,M-225,2019.81,269.146,interval_meter,posted,approved,operational,OCT-2026,1
R00300,2026-10-10,M-230,2684.476,447.611,interval_meter,posted,approved,operational,OCT-2026,2
R00335,2026-10-24,M-205,1997.276,252.604,interval_meter,posted,approved,operational,OCT-2026,1
R00446,2026-09-12,M-205,5481,739,estimated,posted,approved,operational,BASELINE-2026,5
R00182,2026-09-19,M-202,2807.667,296.561,interval_meter,posted,approved,operational,BASELINE-2026,1
R00423,2026-10-31,M-212,5518,742,interval_meter,posted,provisional,operational,OCT-2026,5
R00134,2026-09-05,M-214,2554.635,367.38,interval_meter,posted,approved,operational,BASELINE-2026,1
R00353,2026-10-24,M-223,3893.442,508.707,interval_meter,posted,approved,operational,OCT-2026,1
R00077,2026-08-22,M-217,2172.569,259.564,interval_meter,posted,approved,operational,BASELINE-2026,1
R00465,2026-10-17,M-190,3500,650,interval_meter,posted,approved,operational,OCT-2026,1
R00420,2026-10-10,M-221,5407,733,interval_meter,posted,approved,reference,OCT-2026,5
R00361,2026-10-31,M-201,3659.267,361.507,interval_meter,posted,approved,operational,OCT-2026,1
R00273,2026-10-10,M-203,1711.727,178.235,interval_meter,posted,approved,operational,OCT-2026,1
R00468,2026-10-03,M-191,3500,650,interval_meter,posted,approved,operational,OCT-2026,1
R00136,2026-09-05,M-216,3167.067,389.485,interval_meter,posted,approved,operational,BASELINE-2026,1
R00378,2026-10-31,M-218,3363.282,496.722,interval_meter,posted,approved,operational,OCT-2026,1
R00472,2026-10-31,M-191,3500,650,interval_meter,posted,approved,operational,OCT-2026,1
R00303,2026-10-17,M-203,1783.8,188.478,interval_meter,posted,approved,operational,OCT-2026,1
R00453,2026-10-03,M-231,4200,610,interval_meter,posted,approved,operational,OCT-2026,1
R00430,2026-10-10,M-201,5777,763,estimated,posted,approved,operational,OCT-2026,5
R00396,2026-10-17,M-213,2142.52,310.678,interval_meter,posted,approved,operational,OCT-2026,1
R00373,2026-10-31,M-213,2090.173,304.229,interval_meter,posted,approved,operational,OCT-2026,1
R00399,2026-10-24,M-222,3063.994,463.096,interval_meter,posted,approved,operational,OCT-2026,1
R00006,2026-08-08,M-206,1903.441,256.933,interval_meter,posted,approved,operational,BASELINE-2026,1
R00307,2026-10-17,M-207,1850.57,239.878,interval_meter,posted,approved,operational,OCT-2026,1
R00355,2026-10-24,M-225,2189.899,300.083,interval_meter,posted,approved,operational,OCT-2026,1
R00477,2026-11-07,M-205,4000,500,interval_meter,posted,approved,operational,NOV-2026,1
R00422,2026-10-24,M-205,5481,739,estimated,posted,approved,operational,OCT-2026,5
R00447,2026-09-19,M-212,5518,742,interval_meter,posted,provisional,operational,BASELINE-2026,5
R00221,2026-09-26,M-211,2566.96,344.806,interval_meter,posted,approved,operational,BASELINE-2026,1
R00188,2026-09-19,M-208,2547.739,344.991,interval_meter,posted,approved,operational,BASELINE-2026,1
R00336,2026-10-24,M-206,2669.678,350.692,interval_meter,posted,approved,operational,OCT-2026,1
R00352,2026-10-24,M-222,2618.798,417.204,interval_meter,posted,approved,operational,OCT-2026,2
R00258,2026-10-03,M-218,2678.72,402.345,interval_meter,posted,approved,operational,OCT-2026,1
R00451,2026-08-22,M-210,5666,754,interval_meter,posted,provisional,operational,BASELINE-2026,5
R00080,2026-08-22,M-220,1255.548,186.309,interval_meter,posted,approved,operational,BASELINE-2026,1
R00049,2026-08-15,M-219,1646.898,240.512,interval_meter,posted,approved,operational,BASELINE-2026,1
R00210,2026-09-19,M-230,2445.83,417.198,interval_meter,posted,approved,operational,BASELINE-2026,1
R00272,2026-10-10,M-202,3055.723,318.179,interval_meter,posted,approved,operational,OCT-2026,1
R00130,2026-09-05,M-210,1937.089,188.102,interval_meter,posted,approved,operational,BASELINE-2026,1
R00315,2026-10-17,M-215,1664.769,257.304,interval_meter,posted,approved,operational,OCT-2026,1
R00144,2026-09-05,M-224,2122.543,330.166,interval_meter,posted,approved,operational,BASELINE-2026,1
R00002,2026-08-08,M-202,2562.336,259.908,interval_meter,posted,approved,operational,BASELINE-2026,1
R00401,2026-08-08,M-201,3359.877,285.171,interval_meter,posted,approved,operational,BASELINE-2026,1
R00153,2026-09-12,M-203,1588.043,167.992,interval_meter,posted,approved,operational,BASELINE-2026,1
R00190,2026-09-19,M-210,1956.08,190.239,interval_meter,posted,approved,operational,BASELINE-2026,1
R00400,2026-10-31,M-205,2563.688,289.063,interval_meter,posted,approved,operational,OCT-2026,1
R00390,2026-10-31,M-230,3193.114,514.495,interval_meter,posted,approved,operational,OCT-2026,1
R00105,2026-08-29,M-215,1528.714,219.143,interval_meter,posted,approved,operational,BASELINE-2026,1
R00263,2026-10-03,M-223,3402.037,424.796,interval_meter,posted,approved,operational,OCT-2026,1
R00440,2026-09-26,M-223,5259,721,interval_meter,posted,approved,reference,BASELINE-2026,5
R00313,2026-10-17,M-213,1831.214,279.89,interval_meter,posted,approved,operational,OCT-2026,2
R00377,2026-10-31,M-217,2405.406,339.152,interval_meter,posted,approved,operational,OCT-2026,1
R00149,2026-09-05,M-229,1067.018,170.232,interval_meter,posted,approved,operational,BASELINE-2026,1
R00125,2026-09-05,M-205,2247.596,208.796,interval_meter,posted,approved,operational,BASELINE-2026,1
R00064,2026-08-22,M-204,2090.918,238.613,interval_meter,posted,approved,operational,BASELINE-2026,1
R00124,2026-09-05,M-204,2154.279,249.976,interval_meter,posted,approved,operational,BASELINE-2026,1
R00118,2026-08-29,M-228,1642.893,261.274,interval_meter,posted,approved,operational,BASELINE-2026,1
R00455,2026-10-17,M-231,4200,610,interval_meter,posted,approved,operational,OCT-2026,1
R00359,2026-10-24,M-229,1228.326,205.949,interval_meter,posted,approved,operational,OCT-2026,1
R00293,2026-10-10,M-223,3591.039,456.263,interval_meter,posted,approved,operational,OCT-2026,1
R00030,2026-08-08,M-230,2232.116,365.634,interval_meter,posted,approved,operational,BASELINE-2026,1
R00244,2026-10-03,M-204,1976.868,252.539,interval_meter,posted,approved,operational,OCT-2026,1
R00337,2026-10-24,M-207,1925.341,252.915,interval_meter,posted,approved,operational,OCT-2026,1
R00065,2026-08-22,M-205,2181.49,199.306,interval_meter,posted,approved,operational,BASELINE-2026,1
R00189,2026-09-19,M-209,2400.424,233.454,interval_meter,posted,approved,operational,BASELINE-2026,1
R00414,2026-10-03,M-209,5185,715,estimated,posted,approved,operational,OCT-2026,5
R00241,2026-10-03,M-201,2914.46,292.821,interval_meter,posted,approved,operational,OCT-2026,1
R00127,2026-09-05,M-207,1489.569,209.053,interval_meter,posted,approved,operational,BASELINE-2026,1
R00201,2026-09-19,M-221,906.772,137.027,interval_meter,posted,approved,operational,BASELINE-2026,1
R00323,2026-10-17,M-223,3742.24,482.485,interval_meter,posted,approved,operational,OCT-2026,1
R00249,2026-10-03,M-209,2349.153,233.198,interval_meter,posted,approved,operational,OCT-2026,1
R00197,2026-09-19,M-217,2260.349,275.015,interval_meter,posted,approved,operational,BASELINE-2026,1
R00475,2026-11-07,M-203,4000,500,interval_meter,posted,approved,operational,NOV-2026,1
R00370,2026-10-31,M-210,2403.51,234.606,interval_meter,posted,approved,operational,OCT-2026,1
R00112,2026-08-29,M-222,2492.669,337.013,interval_meter,posted,approved,operational,BASELINE-2026,1
R00163,2026-09-12,M-213,2003.854,249.468,interval_meter,posted,approved,operational,BASELINE-2026,1
R00347,2026-10-24,M-217,2192.539,328.978,interval_meter,posted,approved,operational,OCT-2026,1
R00256,2026-10-03,M-216,3101.863,393.48,interval_meter,posted,approved,operational,OCT-2026,1
R00185,2026-09-19,M-205,2269.631,211.169,interval_meter,posted,approved,operational,BASELINE-2026,1
R00434,2026-08-15,M-211,5037,703,estimated,posted,approved,operational,BASELINE-2026,5
R00317,2026-10-17,M-217,2107.392,312.02,interval_meter,posted,approved,operational,OCT-2026,1
R00457,2026-10-31,M-231,4200,610,interval_meter,posted,approved,operational,OCT-2026,1
R00316,2026-10-17,M-216,3412.049,446.915,interval_meter,posted,approved,operational,OCT-2026,1
R00093,2026-08-29,M-203,1526.964,160.525,interval_meter,posted,approved,operational,BASELINE-2026,1
R00179,2026-09-12,M-229,1087.94,174.101,interval_meter,posted,approved,operational,BASELINE-2026,1
R00181,2026-09-19,M-201,3146.64,293.142,interval_meter,posted,approved,operational,BASELINE-2026,1
R00008,2026-08-08,M-208,2325.121,302.352,interval_meter,posted,approved,operational,BASELINE-2026,1
R00250,2026-10-03,M-210,1914.3,190.031,interval_meter,posted,approved,operational,OCT-2026,1
R00013,2026-08-08,M-213,1811.175,216.205,interval_meter,posted,approved,operational,BASELINE-2026,1
R00228,2026-09-26,M-218,2809.458,393.735,interval_meter,posted,approved,operational,BASELINE-2026,1
R00095,2026-08-29,M-205,2203.526,204.051,interval_meter,posted,approved,operational,BASELINE-2026,1
R00104,2026-08-29,M-214,2504.545,359.03,interval_meter,posted,approved,operational,BASELINE-2026,1
R00363,2026-10-31,M-203,2036.054,204.868,interval_meter,posted,approved,operational,OCT-2026,1
R00268,2026-10-03,M-228,1685.608,270.092,interval_meter,posted,approved,operational,OCT-2026,1
R00175,2026-09-12,M-225,1625.853,253.678,interval_meter,posted,approved,operational,BASELINE-2026,1
R00234,2026-09-26,M-224,2101.734,326.414,interval_meter,posted,approved,operational,BASELINE-2026,1
R00005,2026-08-08,M-205,2071.314,185.069,interval_meter,posted,approved,operational,BASELINE-2026,1
R00050,2026-08-15,M-220,1230.183,179.655,interval_meter,posted,approved,operational,BASELINE-2026,1
R00236,2026-09-26,M-226,1472.896,223.219,interval_meter,posted,approved,operational,BASELINE-2026,1
R00024,2026-08-08,M-224,1956.069,292.647,interval_meter,posted,approved,operational,BASELINE-2026,1
R00425,2026-10-10,M-226,5592,748,interval_meter,pending,approved,operational,OCT-2026,5
R00327,2026-10-17,M-227,1301.953,211.939,interval_meter,posted,approved,operational,OCT-2026,1
R00388,2026-10-31,M-228,2116.374,333.446,interval_meter,posted,approved,operational,OCT-2026,1
R00459,2026-10-10,M-232,3800,590,interval_meter,posted,approved,operational,OCT-2026,1
R00138,2026-09-05,M-218,2837.274,398.26,interval_meter,posted,approved,operational,BASELINE-2026,1
R00299,2026-10-10,M-229,1132.922,184.717,interval_meter,posted,approved,operational,OCT-2026,1
R00046,2026-08-15,M-216,3011.819,358.504,interval_meter,posted,approved,operational,BASELINE-2026,1
R00233,2026-09-26,M-223,3291.242,415.706,interval_meter,posted,approved,operational,BASELINE-2026,1
R00076,2026-08-22,M-216,3073.918,371.782,interval_meter,posted,approved,operational,BASELINE-2026,1
R00208,2026-09-19,M-228,1692.18,270.388,interval_meter,posted,approved,operational,BASELINE-2026,1
R00082,2026-08-22,M-222,2467.742,329.176,interval_meter,posted,approved,operational,BASELINE-2026,1
R00148,2026-09-05,M-228,1675.751,267.35,interval_meter,posted,approved,operational,BASELINE-2026,1
R00270,2026-10-03,M-230,2543.188,416.741,interval_meter,posted,approved,operational,OCT-2026,1
R00391,2026-10-03,M-208,2682.769,382.52,interval_meter,posted,approved,operational,OCT-2026,1
R00154,2026-09-12,M-204,2196.52,255.657,interval_meter,posted,approved,operational,BASELINE-2026,1
R00143,2026-09-05,M-223,3323.829,420.484,interval_meter,posted,approved,operational,BASELINE-2026,1
R00280,2026-10-10,M-210,2020.65,204.107,interval_meter,posted,approved,operational,OCT-2026,1
R00462,2026-10-31,M-232,3800,590,interval_meter,posted,approved,operational,OCT-2026,1
R00351,2026-10-24,M-221,1187.871,163.915,interval_meter,posted,approved,operational,OCT-2026,1
R00267,2026-10-03,M-227,1183.594,186.599,interval_meter,posted,approved,operational,OCT-2026,1
R00079,2026-08-22,M-219,1680.855,249.42,interval_meter,posted,approved,operational,BASELINE-2026,1
R00009,2026-08-08,M-209,2190.678,204.6,interval_meter,posted,approved,operational,BASELINE-2026,1
R00034,2026-08-15,M-204,2048.677,230.092,interval_meter,posted,approved,operational,BASELINE-2026,1
R00085,2026-08-22,M-225,1547.687,236.766,interval_meter,posted,approved,operational,BASELINE-2026,1
R00070,2026-08-22,M-210,1880.116,179.552,interval_meter,posted,approved,operational,BASELINE-2026,1
R00156,2026-09-12,M-206,2105.935,296.461,interval_meter,posted,approved,operational,BASELINE-2026,1
R00053,2026-08-15,M-223,3160.896,387.037,interval_meter,posted,approved,operational,BASELINE-2026,1
R00406,2026-08-22,M-226,1689.163,239.229,interval_meter,posted,approved,operational,BASELINE-2026,1
R00037,2026-08-15,M-207,1416.551,192.424,interval_meter,posted,approved,operational,BASELINE-2026,1
R00035,2026-08-15,M-205,2137.42,192.188,interval_meter,posted,approved,operational,BASELINE-2026,2
R00199,2026-09-19,M-219,1748.768,264.266,interval_meter,posted,approved,operational,BASELINE-2026,1
R00016,2026-08-08,M-216,2918.67,345.226,interval_meter,posted,approved,operational,BASELINE-2026,1
R00458,2026-10-03,M-232,3800,590,interval_meter,posted,approved,operational,OCT-2026,1
R00245,2026-10-03,M-205,1745.192,210.938,interval_meter,posted,approved,operational,OCT-2026,1
R00060,2026-08-15,M-230,2303.354,379.697,interval_meter,posted,approved,operational,BASELINE-2026,1
R00157,2026-09-12,M-207,1518.776,213.804,interval_meter,posted,approved,operational,BASELINE-2026,1
R00139,2026-09-05,M-219,1731.79,261.297,interval_meter,posted,approved,operational,BASELINE-2026,1
R00146,2026-09-05,M-226,1487.479,225.785,interval_meter,posted,approved,operational,BASELINE-2026,1
R00141,2026-09-05,M-221,897.968,135.488,interval_meter,posted,approved,operational,BASELINE-2026,1
R00456,2026-10-24,M-231,4200,610,interval_meter,posted,approved,operational,OCT-2026,1
R00059,2026-08-15,M-229,1014.713,156.691,interval_meter,posted,approved,operational,BASELINE-2026,1
R00460,2026-10-17,M-232,3800,590,interval_meter,posted,approved,operational,OCT-2026,1
R00292,2026-10-10,M-222,2415.396,374.194,interval_meter,posted,approved,operational,OCT-2026,1
R00183,2026-09-19,M-203,1572.773,166.125,interval_meter,posted,approved,operational,BASELINE-2026,1
R00213,2026-09-26,M-203,1542.234,162.392,interval_meter,posted,approved,operational,BASELINE-2026,1
R00311,2026-10-17,M-211,2641.935,400.196,interval_meter,posted,approved,operational,OCT-2026,1
R00126,2026-09-05,M-206,2065.436,289.873,interval_meter,posted,approved,operational,BASELINE-2026,1
R00410,2026-10-10,M-211,5037,703,estimated,posted,approved,operational,OCT-2026,5
R00310,2026-10-17,M-210,2105.73,215.837,interval_meter,posted,approved,operational,OCT-2026,1
R00283,2026-10-10,M-213,1757.225,264.679,interval_meter,posted,approved,operational,OCT-2026,1
R00254,2026-10-03,M-214,2479.499,371.147,interval_meter,posted,approved,operational,OCT-2026,1
R00429,2026-10-03,M-224,5740,760,interval_meter,pending,approved,operational,OCT-2026,5
R00467,2026-10-31,M-190,3500,650,interval_meter,posted,approved,operational,OCT-2026,1
R00356,2026-10-24,M-226,1396.917,273.157,interval_meter,posted,approved,operational,OCT-2026,1
R00281,2026-10-10,M-211,2535.191,378.446,interval_meter,posted,approved,operational,OCT-2026,1
R00074,2026-08-22,M-214,2479.499,350.681,interval_meter,posted,approved,operational,BASELINE-2026,1
R00155,2026-09-12,M-205,2291.667,213.542,interval_meter,posted,approved,operational,BASELINE-2026,1
R00436,2026-08-29,M-225,5111,709,interval_meter,posted,approved,reference,BASELINE-2026,5
R00471,2026-10-24,M-191,3500,650,interval_meter,posted,approved,operational,OCT-2026,1
R00231,2026-09-26,M-221,889.165,133.948,interval_meter,posted,approved,operational,BASELINE-2026,1
R00100,2026-08-29,M-210,1899.107,183.827,interval_meter,posted,approved,operational,BASELINE-2026,1
R00439,2026-09-19,M-216,5222,718,interval_meter,posted,provisional,operational,BASELINE-2026,5
R00033,2026-08-15,M-203,1481.155,151.192,interval_meter,posted,approved,operational,BASELINE-2026,1
R00387,2026-10-31,M-227,1486.068,230.369,interval_meter,posted,approved,operational,OCT-2026,1
R00294,2026-10-10,M-224,2688.555,358.259,interval_meter,posted,approved,operational,OCT-2026,1
R00091,2026-08-29,M-201,3054.99,283.261,interval_meter,posted,approved,operational,BASELINE-2026,1
R00012,2026-08-08,M-212,2871.69,325.662,interval_meter,posted,approved,operational,BASELINE-2026,1
R00040,2026-08-15,M-210,1842.134,173.139,interval_meter,posted,approved,operational,BASELINE-2026,1
R00438,2026-09-12,M-209,5185,715,estimated,posted,approved,operational,BASELINE-2026,5
R00366,2026-10-31,M-206,2928.87,361.538,interval_meter,posted,approved,operational,OCT-2026,1
R00308,2026-10-17,M-208,2522.262,391.412,interval_meter,posted,approved,operational,OCT-2026,1
R00278,2026-10-10,M-208,2420.352,370.14,interval_meter,posted,approved,operational,OCT-2026,1
R00173,2026-09-12,M-223,3389.002,430.041,interval_meter,posted,approved,operational,BASELINE-2026,1
R00319,2026-10-17,M-219,2201.92,299.825,interval_meter,posted,approved,operational,OCT-2026,1
R00051,2026-08-15,M-221,853.95,124.71,interval_meter,posted,approved,operational,BASELINE-2026,1
R00433,2026-08-08,M-204,5000,700,interval_meter,pending,approved,operational,BASELINE-2026,5
R00426,2026-10-17,M-203,5629,751,estimated,posted,approved,operational,OCT-2026,5
R00078,2026-08-22,M-218,2753.825,380.158,interval_meter,posted,approved,operational,BASELINE-2026,1
R00466,2026-10-24,M-190,3500,650,interval_meter,posted,approved,operational,OCT-2026,1
R00417,2026-10-24,M-230,5296,724,interval_meter,pending,approved,operational,OCT-2026,5
R00019,2026-08-08,M-219,1595.963,231.604,interval_meter,posted,approved,operational,BASELINE-2026,1
R00027,2026-08-08,M-227,1223.958,163.715,interval_meter,posted,approved,operational,BASELINE-2026,1
R00240,2026-09-26,M-230,2398.338,407.823,interval_meter,posted,approved,operational,BASELINE-2026,1
R00096,2026-08-29,M-206,2024.938,283.285,interval_meter,posted,approved,operational,BASELINE-2026,1
R00186,2026-09-19,M-206,2085.686,293.167,interval_meter,posted,approved,operational,BASELINE-2026,1
R00450,2026-08-15,M-203,5629,751,estimated,posted,approved,operational,BASELINE-2026,5
R00026,2026-08-08,M-226,1370.814,200.127,interval_meter,posted,approved,operational,BASELINE-2026,1
R00364,2026-10-31,M-204,2482.068,311.777,interval_meter,posted,approved,operational,OCT-2026,1
R00147,2026-09-05,M-227,1328.125,184.704,interval_meter,posted,approved,operational,BASELINE-2026,1
R00044,2026-08-15,M-214,2429.408,338.156,interval_meter,posted,approved,operational,BASELINE-2026,1
R00036,2026-08-15,M-206,1964.19,266.815,interval_meter,posted,approved,operational,BASELINE-2026,1
