application_id,review_stage,review_status,score,community_priority,equity_score,reviewed_at,review_version,panel_code
A26-2711,final,complete,99,99,98,2026-03-22T16:40-07:00,1,P-D
A26-5097,screening,complete,72,83,68,2026-03-06T11:00-08:00,1,P-A
A26-4138,screening,complete,97,96,85,2026-03-03T14:00-08:00,1,P-B
A26-4951,final,complete,78,84,95,2026-03-18T09:00-07:00,1,P-D
A26-2807,final,pending,84,73,93,2026-03-15T13:00-07:00,2,P-D
A26-5178,final,complete,71,79,91,2026-03-23T16:40-07:00,1,P-B
A26-6289,final,complete,87,94,87,2026-03-21T11:00-07:00,1,P-D
A26-1158,screening,complete,66,80,85,2026-03-01T09:00-08:00,1,P-A
A26-1847,final,complete,96,95,93,2026-03-21T12:40-07:00,2,P-C
A26-5000,final,complete,88,74,78,2026-03-22T16:20-07:00,1,P-A
A26-0003,final,complete,69,72,87,2026-03-21T09:40-07:00,1,P-C
A26-5001,final,complete,81,85,83,2026-03-12T11:20-07:00,1,P-D
A26-4142,final,complete,73,74,72,2026-03-12T15:20-07:00,2,P-A
A26-5121,final,complete,80,87,82,2026-03-23T17:20-07:00,2,P-C
A26-4829,final,complete,83,89,71,2026-03-22T10:20-07:00,1,P-C
A26-7110,screening,complete,80,70,71,2026-03-05T16:00-08:00,1,P-D
A26-3907,screening,complete,72,88,79,2026-03-07T15:00-08:00,1,P-D
A26-3907,final,complete,89,84,74,2026-03-22T11:20-07:00,1,P-A
A26-5009,screening,complete,59,77,81,2026-03-02T13:00-08:00,1,P-B
A26-9230,final,complete,91,97,72,2026-03-20T15:00-07:00,1,P-A
A26-5107,final,complete,82,75,96,2026-03-16T12:20-07:00,1,P-D
A26-5178,screening,complete,88,75,74,2026-03-04T09:00-08:00,1,P-A
A26-9872,screening,complete,55,66,76,2026-03-06T11:00-08:00,1,P-C
A26-8229,screening,complete,98,87,69,2026-03-04T09:00-08:00,1,P-C
A26-6312,screening,complete,65,97,61,2026-03-04T14:00-08:00,1,P-C
A26-5114,final,complete,85,83,87,2026-03-13T13:00-07:00,1,P-C
A26-5182,final,complete,80,81,89,2026-03-18T16:00-07:00,1,P-D
A26-0126,final,complete,83,89,92,2026-03-15T09:40-07:00,1,P-A
A26-5131,final,complete,79,88,82,2026-03-19T17:40-07:00,1,P-A
A26-5060,final,complete,88,82,84,2026-03-13T12:40-07:00,1,P-C
A26-5170,screening,complete,85,76,86,2026-03-05T11:00-08:00,1,P-A
A26-4138,final,complete,77,74,91,2026-03-28T11:00-07:00,1,P-D
A26-2211,final,complete,84,99,79,2026-03-16T17:20-07:00,1,P-B
A26-2026,final,complete,91,90,85,2026-03-19T12:00-07:00,1,P-C
A26-3069,screening,complete,80,65,85,2026-03-06T15:00-08:00,1,P-B
A26-5112,final,complete,93,73,75,2026-03-18T12:40-07:00,2,P-D
A26-6064,screening,complete,96,82,74,2026-03-04T11:00-08:00,1,P-D
A26-0399,screening,complete,95,92,60,2026-03-02T13:00-08:00,1,P-D
A26-4793,final,complete,91,82,88,2026-03-14T12:00-07:00,2,P-D
A26-5172,screening,complete,55,77,78,2026-03-03T11:00-08:00,1,P-D
A26-5573,final,complete,87,71,80,2026-03-09T15:40-07:00,1,P-C
A26-5095,final,complete,89,97,89,2026-03-21T16:00-07:00,1,P-A
A26-8425,screening,complete,89,89,91,2026-03-02T12:00-08:00,1,P-C
A26-1673,final,complete,78,87,74,2026-03-09T14:40-07:00,1,P-C
A26-5102,screening,complete,91,81,97,2026-03-07T13:00-08:00,1,P-D
A26-2660,final,complete,88,79,97,2026-03-19T17:00-07:00,1,P-D
A26-0685,final,complete,76,75,75,2026-03-12T09:20-07:00,1,P-D
A26-1133,screening,complete,60,87,64,2026-03-01T16:00-08:00,1,P-D
A26-6752,screening,complete,97,69,72,2026-03-01T15:00-08:00,1,P-B
A26-2233,final,complete,84,99,92,2026-03-14T16:40-07:00,1,P-D
A26-8681,final,complete,71,91,68,2026-03-14T11:00-07:00,1,P-A
A26-1881,final,complete,83,91,85,2026-03-18T10:20-07:00,1,P-D
A26-5143,screening,complete,87,65,82,2026-03-05T12:00-08:00,1,P-C
A26-5027,final,complete,93,92,83,2026-03-13T17:00-07:00,1,P-A
A26-5028,final,complete,73,82,81,2026-03-18T10:00-07:00,1,P-C
A26-2224,screening,complete,84,72,68,2026-03-06T09:00-08:00,1,P-C
A26-5166,final,complete,81,95,91,2026-03-20T12:00-07:00,1,P-D
A26-5081,final,pending,73,73,96,2026-03-16T09:00-07:00,1,P-C
A26-6031,final,complete,88,97,76,2026-03-21T17:00-07:00,1,P-A
A26-6723,final,complete,95,74,71,2026-03-28T11:00-07:00,1,P-D
A26-5021,screening,complete,96,68,73,2026-03-06T15:00-08:00,1,P-C
A26-3873,screening,complete,64,99,89,2026-03-06T15:00-08:00,1,P-B
A26-5024,final,complete,80,95,71,2026-03-20T17:20-07:00,2,P-D
A26-5030,final,complete,75,96,72,2026-03-16T11:00-07:00,1,P-C
A26-9218,screening,complete,94,73,90,2026-03-02T14:00-08:00,1,P-A
A26-1258,final,complete,73,91,83,2026-03-28T11:00-07:00,1,P-D
A26-5076,final,complete,71,87,87,2026-03-13T17:20-07:00,1,P-A
A26-2888,final,complete,73,89,90,2026-03-16T12:00-07:00,1,P-C
A26-7987,final,complete,99,80,91,2026-03-10T16:40-07:00,1,P-D
A26-5092,screening,complete,73,94,68,2026-03-01T14:00-08:00,1,P-B
A26-2224,final,complete,77,76,70,2026-03-15T15:20-07:00,1,P-B
A26-9690,screening,complete,73,90,92,2026-03-07T14:00-08:00,1,P-B
A26-2331,final,complete,93,94,97,2026-03-21T15:40-07:00,1,P-B
A26-8698,screening,complete,56,77,66,2026-03-08T09:00-08:00,1,P-D
A26-5101,screening,complete,92,89,93,2026-03-01T14:00-08:00,1,P-A
A26-4054,final,complete,92,98,91,2026-03-28T11:00-07:00,1,P-D
A26-0932,final,complete,79,76,79,2026-03-08T10:00-07:00,1,P-B
A26-7923,final,pending,79,74,83,2026-03-17T17:00-07:00,1,P-D
A26-1265,screening,complete,57,68,67,2026-03-04T11:00-08:00,1,P-D
A26-5675,final,complete,93,93,77,2026-03-15T17:00-07:00,1,P-A
A26-7380,final,complete,75,78,72,2026-03-17T12:20-07:00,1,P-C
A26-5105,screening,complete,96,74,75,2026-03-03T10:00-08:00,1,P-B
A26-5025,screening,complete,66,79,60,2026-03-03T09:00-08:00,1,P-D
A26-0361,final,complete,74,78,71,2026-03-18T17:00-07:00,1,P-D
A26-8910,screening,complete,83,74,88,2026-03-03T14:00-08:00,1,P-A
A26-6298,final,complete,72,90,97,2026-03-18T15:00-07:00,1,P-D
A26-8803,screening,complete,72,88,98,2026-03-02T09:00-08:00,1,P-C
A26-2711,screening,complete,,97,83,2026-03-01T10:00-08:00,1,P-C
A26-5400,final,complete,96,82,70,2026-03-11T11:20-07:00,1,P-A
A26-3833,screening,complete,95,89,88,2026-03-03T13:00-08:00,1,P-D
A26-2211,final,complete,83,98,75,2026-03-18T17:20-07:00,1,P-B
A26-4394,screening,complete,88,86,67,2026-03-08T13:00-08:00,1,P-B
A26-0715,final,complete,74,96,72,2026-03-16T12:40-07:00,1,P-A
A26-4060,screening,complete,72,77,77,2026-03-04T15:00-08:00,1,P-A
A26-3326,screening,complete,62,92,97,2026-03-04T14:00-08:00,1,P-D
A26-7117,screening,complete,75,65,71,2026-03-07T09:00-08:00,1,P-D
A26-5122,final,complete,75,75,70,2026-03-18T17:00-07:00,1,P-C
A26-9115,final,complete,74,81,82,2026-03-21T16:20-07:00,1,P-D
A26-4862,screening,complete,79,95,79,2026-03-07T13:00-08:00,1,P-B
A26-4057,final,complete,99,73,91,2026-03-19T15:20-07:00,1,P-B
A26-7784,screening,complete,60,78,84,2026-03-03T15:00-08:00,1,P-C
A26-0632,final,complete,,94,88,2026-03-11T09:20-07:00,1,P-C
A26-1430,screening,complete,83,71,80,2026-03-05T12:00-08:00,1,P-C
A26-0309,final,complete,74,89,74,2026-03-15T16:40-07:00,1,P-B
A26-4608,final,complete,83,96,87,2026-03-16T14:20-07:00,1,P-D
A26-2531,final,complete,89,94,93,2026-03-28T11:00-07:00,1,P-D
A26-1814,final,complete,83,72,78,2026-03-23T15:40-07:00,1,P-D
A26-4993,final,complete,75,75,84,2026-03-28T11:00-07:00,1,P-D
A26-9295,screening,complete,57,65,66,2026-03-02T15:00-08:00,1,P-A
A26-3179,final,complete,93,93,95,2026-03-16T10:20-07:00,1,P-B
A26-7651,final,complete,98,69,95,2026-03-21T11:00-07:00,1,P-D
A26-1357,final,pending,79,94,70,2026-03-12T09:20-07:00,1,P-C
A26-8259,screening,complete,94,92,93,2026-03-04T12:00-08:00,1,P-B
A26-4737,final,complete,72,78,84,2026-03-12T15:20-07:00,1,P-C
A26-9486,final,complete,78,94,77,2026-03-20T09:00-07:00,2,P-C
A26-8764,final,complete,93,85,87,2026-03-17T15:20-07:00,1,P-A
A26-3873,final,complete,89,94,76,2026-03-13T10:00-07:00,1,P-D
A26-5052,screening,complete,55,69,93,2026-03-03T09:00-08:00,1,P-D
A26-5095,final,complete,81,98,85,2026-03-23T16:00-07:00,1,P-C
A26-9984,final,complete,86,83,75,2026-03-16T15:40-07:00,2,P-C
A26-6289,screening,complete,90,92,90,2026-03-05T13:00-08:00,1,P-D
A26-5152,final,complete,76,80,82,2026-03-15T16:40-07:00,1,P-A
A26-5103,final,complete,72,87,81,2026-03-16T10:20-07:00,1,P-D
A26-1358,final,complete,94,77,97,2026-03-13T14:40-07:00,1,P-A
A26-2525,final,complete,89,78,87,2026-03-15T15:00-07:00,1,P-C
A26-5046,final,complete,82,81,71,2026-03-13T16:20-07:00,1,P-C
A26-1289,screening,complete,69,92,83,2026-03-01T11:00-08:00,1,P-A
A26-8260,screening,complete,70,96,93,2026-03-02T16:00-08:00,1,P-B
A26-7987,screening,complete,90,66,91,2026-03-06T16:00-08:00,1,P-D
A26-1995,screening,complete,83,98,73,2026-03-03T16:00-08:00,1,P-C
A26-5067,screening,complete,76,96,63,2026-03-07T10:00-08:00,1,P-D
A26-5125,screening,complete,70,80,71,2026-03-07T12:00-08:00,1,P-B
A26-8576,final,complete,87,79,99,2026-03-18T15:20-07:00,1,P-C
A26-8474,final,complete,85,81,82,2026-03-28T11:00-07:00,1,P-D
A26-1206,final,complete,90,81,97,2026-03-22T13:00-07:00,1,P-B
A26-5054,final,complete,93,76,86,2026-03-21T10:00-07:00,1,P-A
A26-3079,final,complete,79,93,73,2026-03-22T12:40-07:00,1,P-B
A26-3114,final,complete,77,95,96,2026-03-14T17:20-07:00,1,P-C
A26-1455,final,complete,,98,99,2026-03-19T15:40-07:00,1,P-D
A26-3080,final,complete,86,88,92,2026-03-13T12:20-07:00,1,P-B
A26-5029,final,complete,74,90,77,2026-03-23T10:40-07:00,1,P-A
A26-5083,screening,complete,74,65,82,2026-03-07T09:00-08:00,1,P-B
A26-9935,final,complete,90,80,73,2026-03-17T16:40-07:00,1,P-C
A26-1237,screening,complete,94,82,62,2026-03-02T14:00-08:00,1,P-B
A26-5681,screening,complete,58,71,69,2026-03-02T13:00-08:00,1,P-A
A26-8576,final,complete,92,80,97,2026-03-19T15:20-07:00,1,P-C
A26-5046,screening,complete,81,67,88,2026-03-05T13:00-08:00,1,P-A
A26-4388,final,complete,93,94,94,2026-03-18T14:00-07:00,1,P-A
A26-1548,screening,complete,77,71,69,2026-03-08T13:00-08:00,1,P-A
A26-5026,final,complete,92,95,77,2026-03-15T13:40-07:00,1,P-A
A26-5032,screening,complete,73,70,70,2026-03-02T14:00-08:00,1,P-B
A26-5022,screening,complete,85,83,75,2026-03-05T10:00-08:00,1,P-B
A26-9933,screening,complete,62,82,70,2026-03-04T12:00-08:00,1,P-B
A26-1265,final,complete,93,74,95,2026-03-14T17:00-07:00,1,P-A
A26-6401,final,complete,84,88,87,2026-03-10T17:20-07:00,1,P-D
A26-5073,screening,complete,60,82,63,2026-03-06T16:00-08:00,1,P-A
A26-2275,final,complete,76,78,72,2026-03-22T13:20-07:00,1,P-B
A26-3426,screening,complete,63,73,72,2026-03-08T09:00-08:00,1,P-A
A26-1358,final,complete,88,74,96,2026-03-16T14:40-07:00,1,P-D
A26-1817,final,complete,83,93,93,2026-03-14T14:20-07:00,2,P-D
A26-1934,screening,complete,61,88,75,2026-03-06T11:00-08:00,1,P-A
A26-1970,final,complete,98,87,80,2026-03-28T11:00-07:00,1,P-D
A26-4333,final,complete,70,89,92,2026-03-14T16:00-07:00,1,P-B
A26-0600,final,complete,79,75,80,2026-03-18T14:20-07:00,1,P-C
A26-2861,final,complete,91,72,72,2026-03-18T16:40-07:00,1,P-C
A26-5113,final,complete,66,75,87,2026-03-17T12:40-07:00,1,P-C
A26-5048,screening,complete,95,77,63,2026-03-02T11:00-08:00,1,P-A
A26-6587,screening,complete,86,98,76,2026-03-03T16:00-08:00,1,P-A
A26-7528,final,complete,92,90,72,2026-03-22T11:20-07:00,2,P-D
A26-5055,final,complete,78,73,81,2026-03-19T15:40-07:00,1,P-C
A26-1505,final,complete,86,91,92,2026-03-12T09:00-07:00,2,P-C
A26-8014,final,complete,77,97,85,2026-03-28T11:00-07:00,1,P-D
A26-5077,screening,complete,74,89,94,2026-03-07T14:00-08:00,1,P-D
A26-6375,final,pending,91,92,75,2026-03-15T11:20-07:00,1,P-D
A26-1830,final,complete,85,74,96,2026-03-23T15:00-07:00,1,P-C
A26-5040,final,complete,72,88,79,2026-03-11T10:00-07:00,1,P-A
A26-5021,final,complete,83,93,81,2026-03-17T09:40-07:00,1,P-B
A26-5178,final,complete,72,77,87,2026-03-18T16:40-07:00,1,P-C
A26-5079,final,complete,79,96,74,2026-03-18T14:20-07:00,1,P-B
A26-5080,final,complete,92,97,89,2026-03-15T12:20-07:00,1,P-D
A26-5115,screening,complete,95,87,93,2026-03-02T12:00-08:00,1,P-B
A26-5032,final,complete,96,75,82,2026-03-18T12:40-07:00,1,P-A
A26-3114,final,complete,75,96,97,2026-03-17T17:20-07:00,1,P-B
A26-2606,final,complete,80,98,92,2026-03-19T16:00-07:00,1,P-D
A26-5143,final,complete,75,74,91,2026-03-20T12:20-07:00,1,P-C
A26-5123,screening,complete,70,89,92,2026-03-01T10:00-08:00,1,P-A
A26-8731,screening,complete,96,80,86,2026-03-05T16:00-08:00,1,P-B
A26-8931,final,complete,74,80,93,2026-03-12T17:20-07:00,1,P-C
A26-5166,screening,complete,69,78,73,2026-03-01T10:00-08:00,1,P-A
A26-6965,final,complete,74,80,75,2026-03-17T10:40-07:00,1,P-A
A26-2531,final,complete,93,94,93,2026-03-15T10:00-07:00,1,P-A
A26-0135,final,complete,76,96,83,2026-03-14T16:20-07:00,1,P-C
A26-8689,screening,complete,69,82,77,2026-03-04T09:00-08:00,1,P-D
A26-4951,final,complete,85,88,93,2026-03-12T09:00-07:00,1,P-B
A26-5004,final,complete,80,76,89,2026-03-13T12:00-07:00,1,P-D
A26-0896,screening,complete,60,92,67,2026-03-05T11:00-08:00,1,P-B
A26-2800,final,complete,80,91,94,2026-03-17T13:20-07:00,1,P-D
A26-0126,screening,complete,91,78,67,2026-03-01T12:00-08:00,1,P-C
A26-5173,final,complete,88,74,98,2026-03-18T11:00-07:00,1,P-C
A26-6215,final,complete,87,86,97,2026-03-16T15:20-07:00,1,P-C
A26-5152,screening,complete,88,65,70,2026-03-03T09:00-08:00,1,P-B
A26-0328,final,complete,83,91,89,2026-03-11T13:00-07:00,1,P-D
A26-5045,screening,complete,93,98,83,2026-03-04T13:00-08:00,1,P-C
A26-7535,final,complete,89,98,84,2026-03-18T13:00-07:00,1,P-C
A26-9855,screening,complete,81,90,72,2026-03-03T09:00-08:00,1,P-C
A26-5062,final,complete,80,93,83,2026-03-19T09:40-07:00,1,P-C
A26-5089,final,complete,78,95,88,2026-03-18T17:00-07:00,1,P-B
A26-3405,final,complete,78,85,88,2026-03-13T10:20-07:00,2,P-C
A26-5074,final,complete,92,97,94,2026-03-28T11:00-07:00,1,P-D
A26-8285,screening,complete,89,88,99,2026-03-01T14:00-08:00,1,P-D
A26-5125,final,complete,94,96,76,2026-03-14T09:00-07:00,1,P-C
A26-2486,final,complete,87,73,79,2026-03-12T10:00-07:00,1,P-A
A26-5442,screening,complete,98,75,88,2026-03-06T09:00-08:00,1,P-C
A26-5030,screening,complete,90,68,82,2026-03-07T13:00-08:00,1,P-D
A26-5132,screening,complete,97,79,94,2026-03-06T09:00-08:00,1,P-D
A26-3080,screening,complete,85,76,93,2026-03-07T10:00-08:00,1,P-A
A26-8770,final,pending,89,73,89,2026-03-18T14:20-07:00,1,P-D
A26-5021,final,complete,80,89,78,2026-03-11T09:40-07:00,1,P-D
A26-5049,final,complete,82,97,82,2026-03-21T11:00-07:00,1,P-C
A26-8205,screening,complete,87,77,73,2026-03-02T11:00-08:00,1,P-D
A26-5144,screening,complete,66,99,91,2026-03-04T09:00-08:00,1,P-B
A26-3405,final,complete,75,85,88,2026-03-13T10:20-07:00,1,P-D
A26-2157,final,complete,80,81,98,2026-03-19T17:40-07:00,1,P-A
A26-1579,screening,complete,96,87,75,2026-03-08T11:00-08:00,1,P-A
A26-8836,final,complete,86,83,84,2026-03-19T14:40-07:00,1,P-C
A26-9855,final,complete,89,96,80,2026-03-12T16:00-07:00,1,P-B
A26-6046,screening,complete,62,66,92,2026-03-05T11:00-08:00,1,P-D
A26-1175,final,complete,85,95,78,2026-03-12T16:00-07:00,1,P-C
A26-1430,final,complete,94,94,91,2026-03-28T11:00-07:00,1,P-D
A26-5013,final,complete,77,97,83,2026-03-14T15:00-07:00,1,P-B
A26-6298,final,complete,74,93,97,2026-03-15T15:00-07:00,1,P-D
A26-8425,final,complete,78,99,91,2026-03-11T09:00-07:00,1,P-A
A26-9698,final,complete,93,75,91,2026-03-14T12:40-07:00,1,P-A
A26-1358,screening,complete,55,68,68,2026-03-04T11:00-08:00,1,P-B
A26-0335,final,complete,88,80,82,2026-03-21T11:00-07:00,1,P-A
A26-5072,screening,complete,94,92,80,2026-03-02T12:00-08:00,1,P-B
A26-5182,screening,complete,74,83,61,2026-03-08T10:00-08:00,1,P-C
A26-2239,screening,complete,90,75,69,2026-03-01T16:00-08:00,1,P-A
A26-5108,final,complete,75,74,75,2026-03-16T17:40-07:00,1,P-D
A26-5970,screening,complete,97,65,65,2026-03-04T16:00-08:00,1,P-C
A26-9016,final,complete,81,92,89,2026-03-05T14:40-07:00,1,P-A
A26-1154,screening,complete,85,71,94,2026-03-06T14:00-08:00,1,P-A
A26-5139,screening,complete,72,79,84,2026-03-08T12:00-08:00,1,P-B
A26-0536,final,pending,74,85,81,2026-03-21T09:00-07:00,1,P-D
A26-4142,screening,complete,74,84,80,2026-03-01T15:00-08:00,1,P-C
A26-3080,final,complete,92,85,96,2026-03-07T12:20-07:00,1,P-B
A26-5893,final,pending,72,76,86,2026-03-14T13:20-07:00,1,P-A
A26-0003,final,complete,72,72,87,2026-03-21T09:40-07:00,2,P-D
A26-6165,screening,complete,88,68,66,2026-03-01T10:00-08:00,1,P-D
A26-1695,screening,complete,56,90,74,2026-03-05T11:00-08:00,1,P-C
A26-5033,final,complete,74,95,82,2026-03-22T16:00-07:00,1,P-D
A26-5165,final,complete,90,82,98,2026-03-17T15:40-07:00,2,P-D
A26-5105,final,complete,85,89,89,2026-03-06T17:40-07:00,1,P-D
A26-8029,screening,complete,87,70,80,2026-03-03T15:00-08:00,1,P-B
A26-5118,final,complete,87,95,80,2026-03-21T09:40-07:00,1,P-C
A26-8689,final,complete,94,97,96,2026-03-28T11:00-07:00,1,P-D
A26-1001,final,complete,81,85,68,2026-03-12T12:20-07:00,1,P-D
A26-6359,final,complete,91,79,94,2026-03-16T10:00-07:00,1,P-B
A26-2244,final,complete,,91,90,2026-03-17T10:20-07:00,1,P-C
A26-5025,final,complete,83,87,93,2026-03-18T09:40-07:00,1,P-B
A26-8764,screening,complete,60,69,83,2026-03-04T12:00-08:00,1,P-B
A26-5029,screening,complete,65,84,77,2026-03-05T11:00-08:00,1,P-B
A26-6965,screening,complete,69,88,95,2026-03-06T14:00-08:00,1,P-A
A26-3929,screening,complete,95,99,81,2026-03-03T09:00-08:00,1,P-B
A26-6094,screening,complete,56,68,95,2026-03-05T11:00-08:00,1,P-A
A26-9624,final,complete,99,79,84,2026-03-15T09:00-07:00,1,P-A
A26-5059,final,complete,77,74,70,2026-03-20T12:00-07:00,1,P-B
A26-5031,final,complete,84,75,93,2026-03-18T16:40-07:00,1,P-D
A26-1244,final,complete,82,92,84,2026-03-16T13:40-07:00,1,P-A
A26-4531,screening,complete,77,74,89,2026-03-01T15:00-08:00,1,P-D
A26-5373,screening,complete,65,89,87,2026-03-08T10:00-08:00,1,P-D
A26-4985,final,complete,82,80,91,2026-03-10T15:00-07:00,1,P-A
A26-3419,screening,complete,96,81,69,2026-03-04T15:00-08:00,1,P-C
A26-4060,final,complete,75,94,85,2026-03-20T09:20-07:00,1,P-D
A26-5573,final,complete,87,72,76,2026-03-12T15:40-07:00,1,P-D
A26-7528,screening,complete,96,86,81,2026-03-06T14:00-08:00,1,P-A
A26-5136,final,complete,89,76,85,2026-03-21T11:20-07:00,1,P-B
A26-3614,screening,complete,78,99,95,2026-03-08T16:00-08:00,1,P-A
A26-0304,final,complete,68,90,83,2026-03-19T12:00-07:00,1,P-D
A26-5490,final,complete,94,89,99,2026-03-13T13:00-07:00,1,P-A
A26-5045,final,complete,86,95,78,2026-03-16T10:20-07:00,1,P-B
A26-5400,final,complete,93,84,73,2026-03-15T11:20-07:00,2,P-A
A26-2370,final,complete,,92,95,2026-03-11T17:20-07:00,1,P-C
A26-9305,final,pending,79,94,70,2026-03-14T15:00-07:00,1,P-B
A26-5038,final,complete,95,90,79,2026-03-16T14:20-07:00,1,P-B
A26-5032,final,complete,91,73,84,2026-03-21T12:40-07:00,1,P-D
A26-8199,final,complete,81,80,86,2026-03-22T11:00-07:00,1,P-C
A26-0399,final,complete,72,83,94,2026-03-13T15:40-07:00,1,P-C
A26-7021,final,complete,82,90,76,2026-03-19T16:00-07:00,1,P-D
A26-1447,final,complete,88,74,70,2026-03-14T14:20-07:00,1,P-A
A26-6375,screening,complete,96,73,81,2026-03-03T16:00-08:00,1,P-D
A26-5970,final,complete,84,92,92,2026-03-14T16:00-07:00,1,P-C
A26-5144,final,pending,90,85,70,2026-03-21T13:00-07:00,1,P-C
A26-5114,final,complete,84,85,85,2026-03-15T13:00-07:00,1,P-C
A26-5151,final,complete,75,94,93,2026-03-20T15:40-07:00,1,P-B
A26-5088,screening,complete,70,74,86,2026-03-07T09:00-08:00,1,P-A
A26-6067,screening,complete,92,87,69,2026-03-07T16:00-08:00,1,P-A
A26-5239,final,complete,84,72,90,2026-03-13T12:00-07:00,2,P-A
A26-5147,final,complete,86,84,88,2026-03-16T17:00-07:00,1,P-D
A26-8770,screening,complete,80,69,73,2026-03-08T13:00-08:00,1,P-C
A26-3815,screening,complete,87,87,64,2026-03-08T12:00-08:00,1,P-C
A26-1258,final,complete,77,91,83,2026-03-12T17:00-07:00,1,P-C
A26-8896,screening,complete,68,84,81,2026-03-06T15:00-08:00,1,P-C
A26-5014,screening,complete,56,94,83,2026-03-02T15:00-08:00,1,P-C
A26-5126,screening,complete,62,67,69,2026-03-02T09:00-08:00,1,P-B
A26-1548,final,complete,81,86,94,2026-03-15T14:00-07:00,1,P-A
A26-8259,final,complete,82,78,83,2026-03-18T11:20-07:00,1,P-A
A26-2660,screening,complete,59,68,80,2026-03-03T14:00-08:00,1,P-A
A26-0201,screening,complete,80,67,99,2026-03-07T16:00-08:00,1,P-C
A26-5114,screening,complete,61,97,69,2026-03-05T09:00-08:00,1,P-B
A26-2861,final,complete,85,72,73,2026-03-10T16:40-07:00,1,P-D
A26-5121,final,complete,84,87,82,2026-03-28T11:00-07:00,1,P-D
A26-1502,screening,complete,72,93,62,2026-03-05T14:00-08:00,1,P-B
A26-5105,final,complete,86,91,86,2026-03-14T17:40-07:00,1,P-A
A26-2370,screening,complete,,83,90,2026-03-01T09:00-08:00,1,P-A
A26-5040,final,complete,76,91,78,2026-03-15T10:00-07:00,1,P-A
A26-0737,final,complete,72,83,90,2026-03-17T12:40-07:00,1,P-C
A26-3823,final,complete,84,75,84,2026-03-10T17:40-07:00,1,P-B
A26-0307,final,complete,88,78,93,2026-03-14T11:40-07:00,1,P-D
A26-5092,final,complete,86,85,87,2026-03-22T12:00-07:00,1,P-B
A26-5102,final,complete,80,98,81,2026-03-21T17:00-07:00,1,P-B
A26-1934,final,complete,84,86,90,2026-03-23T13:40-07:00,1,P-C
A26-5128,final,complete,76,88,93,2026-03-10T16:20-07:00,1,P-D
A26-6127,screening,complete,61,93,85,2026-03-01T09:00-08:00,1,P-B
A26-6067,final,complete,75,94,80,2026-03-23T12:20-07:00,1,P-A
A26-0335,final,complete,90,81,84,2026-03-15T11:00-07:00,1,P-C
A26-0044,final,complete,83,82,82,2026-03-14T09:40-07:00,1,P-C
A26-5127,screening,complete,56,66,65,2026-03-02T14:00-08:00,1,P-A
A26-1289,final,complete,86,75,84,2026-03-12T09:40-07:00,1,P-A
A26-1817,final,complete,82,91,92,2026-03-10T14:20-07:00,1,P-C
A26-2088,screening,complete,61,96,98,2026-03-04T15:00-08:00,1,P-C
A26-1778,final,complete,87,91,90,2026-03-15T12:20-07:00,1,P-A
A26-1579,final,complete,79,83,88,2026-03-16T10:20-07:00,1,P-D
A26-1505,final,complete,83,91,92,2026-03-12T09:00-07:00,1,P-A
A26-5056,final,complete,79,80,87,2026-03-16T11:00-07:00,2,P-D
A26-4127,final,complete,,99,94,2026-03-22T12:00-07:00,1,P-A
A26-5030,final,complete,83,93,68,2026-03-11T11:00-07:00,1,P-D
A26-5058,final,complete,87,90,90,2026-03-28T11:00-07:00,1,P-D
A26-7117,final,complete,75,81,84,2026-03-20T15:40-07:00,1,P-B
A26-2977,screening,complete,74,85,85,2026-03-04T15:00-08:00,1,P-C
A26-7547,final,pending,93,94,93,2026-03-12T12:20-07:00,1,P-D
A26-2233,screening,complete,61,69,93,2026-03-01T15:00-08:00,1,P-A
A26-4506,final,complete,87,99,91,2026-03-09T16:40-07:00,1,P-C
A26-0896,final,pending,78,91,82,2026-03-15T17:40-07:00,1,P-A
A26-4438,final,complete,89,92,94,2026-03-15T09:00-07:00,1,P-A
A26-5074,screening,complete,91,85,65,2026-03-05T13:00-08:00,1,P-D
A26-4787,final,complete,76,93,99,2026-03-14T11:20-07:00,1,P-B
A26-3028,final,complete,86,77,90,2026-03-19T15:20-07:00,1,P-A
A26-9555,final,complete,71,80,92,2026-03-13T13:40-07:00,1,P-B
A26-1932,screening,complete,91,88,68,2026-03-06T09:00-08:00,1,P-A
A26-3419,final,complete,74,95,82,2026-03-23T10:20-07:00,1,P-B
A26-5038,final,complete,89,88,77,2026-03-17T14:20-07:00,1,P-D
A26-1881,screening,complete,74,67,67,2026-03-01T09:00-08:00,1,P-C
A26-6298,screening,complete,76,74,96,2026-03-01T10:00-08:00,1,P-D
A26-5155,screening,complete,82,75,75,2026-03-04T10:00-08:00,1,P-B
A26-5137,final,complete,76,84,98,2026-03-13T17:40-07:00,1,P-C
A26-4737,final,complete,73,81,86,2026-03-11T15:20-07:00,1,P-C
A26-3426,final,complete,80,77,90,2026-03-19T09:20-07:00,1,P-C
A26-6525,final,complete,74,88,77,2026-03-08T14:20-07:00,1,P-A
A26-2142,screening,complete,60,95,82,2026-03-04T13:00-08:00,1,P-B
A26-2052,final,complete,81,98,77,2026-03-14T13:40-07:00,1,P-B
A26-5121,screening,complete,81,71,98,2026-03-06T14:00-08:00,1,P-B
A26-5069,final,complete,83,82,96,2026-03-20T14:20-07:00,1,P-D
A26-7535,screening,complete,86,85,61,2026-03-07T16:00-08:00,1,P-A
A26-3722,screening,complete,71,88,68,2026-03-07T12:00-08:00,1,P-D
A26-1099,screening,complete,89,71,61,2026-03-04T12:00-08:00,1,P-A
A26-5164,final,complete,92,73,87,2026-03-19T10:40-07:00,1,P-C
A26-5152,final,complete,77,76,84,2026-03-16T16:40-07:00,1,P-B
A26-5024,screening,complete,96,69,97,2026-03-06T09:00-08:00,1,P-D
A26-5173,screening,complete,75,79,71,2026-03-04T13:00-08:00,1,P-C
A26-7725,screening,complete,68,94,98,2026-03-08T11:00-08:00,1,P-C
A26-3179,screening,complete,77,65,67,2026-03-03T15:00-08:00,1,P-C
A26-5006,final,complete,85,91,98,2026-03-14T15:40-07:00,1,P-D
A26-7705,screening,complete,77,68,83,2026-03-06T09:00-08:00,1,P-B
A26-5010,screening,complete,93,77,78,2026-03-04T16:00-08:00,1,P-C
A26-4318,final,pending,81,82,85,2026-03-15T12:00-07:00,1,P-D
A26-1773,final,complete,76,81,78,2026-03-18T09:40-07:00,1,P-A
A26-5111,screening,complete,66,77,99,2026-03-08T14:00-08:00,1,P-A
A26-9230,final,complete,95,99,73,2026-03-14T15:00-07:00,1,P-C
A26-4218,final,complete,97,95,94,2026-03-13T11:00-07:00,1,P-D
A26-3095,screening,complete,78,76,96,2026-03-03T11:00-08:00,1,P-C
A26-1069,screening,complete,68,95,95,2026-03-01T15:00-08:00,1,P-D
A26-5160,final,complete,90,86,86,2026-03-15T16:40-07:00,1,P-D
A26-9690,final,complete,77,90,87,2026-03-23T13:20-07:00,1,P-C
A26-8377,final,complete,88,75,72,2026-03-09T12:20-07:00,1,P-A
A26-5156,screening,complete,65,68,90,2026-03-02T12:00-08:00,1,P-D
A26-0994,screening,complete,,65,68,2026-03-06T12:00-08:00,1,P-B
A26-2482,final,complete,80,83,83,2026-03-14T09:40-07:00,1,P-C
A26-5066,screening,complete,70,92,74,2026-03-04T09:00-08:00,1,P-A
A26-5175,final,complete,99,78,96,2026-03-28T11:00-07:00,1,P-D
A26-5669,final,complete,91,90,96,2026-03-05T16:20-07:00,1,P-D
A26-0934,final,complete,83,98,77,2026-03-12T11:00-07:00,1,P-B
A26-1243,final,complete,81,84,96,2026-03-15T13:20-07:00,1,P-B
A26-5099,final,complete,69,99,78,2026-03-04T11:00-07:00,1,P-D
A26-1154,final,complete,76,76,77,2026-03-23T14:40-07:00,1,P-C
A26-4873,final,complete,72,87,74,2026-03-12T11:00-07:00,1,P-C
A26-2807,final,complete,81,73,93,2026-03-15T13:00-07:00,1,P-C
A26-5131,screening,complete,86,70,67,2026-03-07T16:00-08:00,1,P-C
A26-0015,final,complete,85,75,94,2026-03-14T16:00-07:00,1,P-D
A26-2157,final,complete,75,83,99,2026-03-17T17:40-07:00,1,P-B
A26-9928,final,complete,79,91,73,2026-03-19T11:20-07:00,1,P-B
A26-5073,final,complete,79,89,75,2026-03-06T16:00-07:00,1,P-D
A26-5150,screening,complete,90,83,69,2026-03-04T16:00-08:00,1,P-B
A26-5080,screening,complete,63,82,79,2026-03-02T16:00-08:00,1,P-C
A26-5169,final,complete,75,79,90,2026-03-23T13:20-07:00,1,P-D
A26-6031,final,pending,87,94,80,2026-03-22T17:00-07:00,1,P-C
A26-6617,final,pending,82,98,84,2026-03-21T13:20-07:00,1,P-D
A26-5109,final,complete,67,92,82,2026-03-09T10:00-07:00,1,P-D
A26-9525,final,complete,91,83,79,2026-03-17T17:00-07:00,1,P-D
A26-5058,final,complete,81,90,90,2026-03-22T09:40-07:00,1,P-D
A26-9115,final,complete,77,84,78,2026-03-19T16:20-07:00,1,P-D
A26-5063,final,pending,84,86,93,2026-03-21T13:40-07:00,1,P-C
A26-4318,final,complete,85,82,85,2026-03-28T11:00-07:00,1,P-D
A26-8836,final,pending,88,83,83,2026-03-22T14:40-07:00,1,P-D
A26-0646,final,complete,85,92,93,2026-03-17T10:00-07:00,1,P-D
A26-3425,screening,complete,64,95,91,2026-03-03T09:00-08:00,1,P-B
A26-1001,screening,complete,55,74,71,2026-03-06T14:00-08:00,1,P-B
A26-2977,final,complete,72,80,75,2026-03-10T16:20-07:00,1,P-B
A26-8854,screening,complete,92,79,99,2026-03-08T11:00-08:00,1,P-D
A26-4608,screening,complete,66,77,79,2026-03-05T15:00-08:00,1,P-C
A26-4804,screening,complete,56,82,69,2026-03-03T13:00-08:00,1,P-A
A26-2739,final,complete,72,98,85,2026-03-14T15:40-07:00,1,P-B
A26-3815,final,complete,86,98,86,2026-03-13T13:40-07:00,1,P-B
A26-1270,final,complete,85,90,76,2026-03-23T16:40-07:00,1,P-A
A26-3657,final,complete,70,78,90,2026-03-11T17:20-07:00,1,P-A
A26-5089,screening,complete,97,65,76,2026-03-02T11:00-08:00,1,P-C
A26-5176,final,pending,77,95,75,2026-03-12T10:40-07:00,1,P-C
A26-6575,screening,complete,84,95,72,2026-03-02T09:00-08:00,1,P-C
A26-4264,final,complete,82,74,96,2026-03-23T16:40-07:00,1,P-B
A26-5010,final,complete,85,77,95,2026-03-15T09:20-07:00,1,P-A
A26-6289,final,complete,84,92,85,2026-03-17T11:00-07:00,1,P-A
A26-5373,final,complete,81,72,95,2026-03-16T17:00-07:00,1,P-B
A26-3355,final,complete,92,89,82,2026-03-13T17:40-07:00,1,P-A
A26-0199,screening,complete,83,90,60,2026-03-06T11:00-08:00,1,P-A
A26-5182,final,complete,81,79,86,2026-03-13T16:00-07:00,1,P-C
A26-5003,screening,complete,92,68,77,2026-03-03T14:00-08:00,1,P-A
A26-4394,final,complete,76,90,87,2026-03-15T09:20-07:00,1,P-B
A26-1145,final,complete,92,82,71,2026-03-20T15:40-07:00,1,P-B
A26-5161,final,complete,75,89,73,2026-03-22T17:40-07:00,1,P-C
A26-1206,screening,complete,95,80,61,2026-03-03T09:00-08:00,1,P-B
A26-5070,screening,complete,87,85,77,2026-03-07T10:00-08:00,1,P-A
A26-5239,final,complete,81,72,90,2026-03-13T12:00-07:00,1,P-C
A26-6280,final,complete,88,97,91,2026-03-20T16:40-07:00,1,P-A
A26-5092,final,complete,89,84,83,2026-03-17T12:00-07:00,1,P-C
A26-0188,screening,complete,88,69,68,2026-03-07T12:00-08:00,1,P-C
A26-8377,final,complete,81,73,74,2026-03-16T12:20-07:00,1,P-A
A26-2381,screening,complete,76,97,85,2026-03-04T10:00-08:00,1,P-D
A26-8931,screening,complete,82,71,76,2026-03-07T12:00-08:00,1,P-D
A26-6094,final,complete,73,88,73,2026-03-13T13:20-07:00,1,P-C
A26-5164,final,complete,88,74,84,2026-03-11T10:40-07:00,1,P-A
A26-5066,final,complete,81,95,83,2026-03-22T14:20-07:00,1,P-B
A26-4010,screening,complete,82,71,69,2026-03-05T10:00-08:00,1,P-C
A26-2800,final,complete,74,91,92,2026-03-12T13:20-07:00,1,P-B
A26-5396,final,complete,85,88,84,2026-03-17T09:20-07:00,1,P-B
A26-5078,screening,complete,63,83,61,2026-03-05T12:00-08:00,1,P-A
A26-5168,final,complete,84,75,75,2026-03-08T11:00-07:00,1,P-B
A26-5100,final,complete,77,82,75,2026-03-15T12:40-07:00,1,P-C
A26-7082,screening,complete,67,76,74,2026-03-01T09:00-08:00,1,P-C
A26-3657,final,complete,75,82,90,2026-03-13T17:20-07:00,1,P-B
A26-9525,final,complete,85,79,81,2026-03-14T17:00-07:00,1,P-B
A26-4732,screening,complete,70,90,65,2026-03-07T10:00-08:00,1,P-B
A26-5052,final,complete,80,72,96,2026-03-16T15:40-07:00,1,P-D
A26-5040,screening,complete,98,68,76,2026-03-08T09:00-08:00,1,P-A
A26-4318,final,complete,89,86,85,2026-03-08T12:00-07:00,1,P-D
A26-3635,screening,complete,72,68,74,2026-03-05T12:00-08:00,1,P-B
A26-8285,final,complete,94,84,92,2026-03-28T11:00-07:00,1,P-D
A26-8205,final,complete,83,76,91,2026-03-23T11:40-07:00,2,P-D
A26-5069,screening,complete,77,73,81,2026-03-04T16:00-08:00,1,P-A
A26-8681,final,complete,75,91,70,2026-03-17T11:00-07:00,1,P-A
A26-2370,final,complete,97,96,94,2026-03-14T17:20-07:00,1,P-B
A26-2211,screening,complete,78,98,86,2026-03-04T13:00-08:00,1,P-D
A26-5373,final,complete,82,69,95,2026-03-08T17:00-07:00,1,P-D
A26-5175,final,complete,99,74,93,2026-03-12T12:00-07:00,1,P-B
A26-5669,final,complete,83,89,93,2026-03-13T16:20-07:00,1,P-C
A26-5274,final,complete,99,93,90,2026-03-11T17:20-07:00,1,P-B
A26-2606,screening,complete,58,68,97,2026-03-06T11:00-08:00,1,P-B
A26-9834,final,complete,79,92,71,2026-03-13T09:00-07:00,1,P-D
A26-0241,final,complete,77,79,89,2026-03-13T11:00-07:00,1,P-C
A26-8645,screening,complete,68,91,66,2026-03-07T16:00-08:00,1,P-B
A26-9797,final,complete,76,87,86,2026-03-22T12:40-07:00,1,P-D
A26-1357,screening,complete,79,91,67,2026-03-02T15:00-08:00,1,P-A
A26-2159,final,complete,81,83,80,2026-03-20T12:20-07:00,1,P-A
A26-3848,final,complete,89,81,90,2026-03-19T16:20-07:00,1,P-C
A26-5150,final,pending,81,75,98,2026-03-19T15:00-07:00,1,P-D
A26-9624,final,complete,93,82,81,2026-03-21T09:00-07:00,1,P-D
A26-9458,screening,complete,59,65,91,2026-03-04T16:00-08:00,1,P-B
A26-5116,screening,complete,97,71,94,2026-03-01T09:00-08:00,1,P-D
A26-5031,screening,complete,84,92,95,2026-03-05T15:00-08:00,1,P-B
A26-5011,final,complete,91,89,79,2026-03-11T14:40-07:00,1,P-C
A26-2542,final,complete,72,94,93,2026-03-17T10:00-07:00,1,P-B
A26-5001,screening,complete,66,96,68,2026-03-05T15:00-08:00,1,P-C
A26-5150,final,complete,81,77,99,2026-03-13T15:00-07:00,1,P-A
A26-4054,final,complete,86,98,91,2026-03-18T17:20-07:00,1,P-B
A26-5138,final,complete,79,92,90,2026-03-14T13:20-07:00,1,P-B
A26-1881,final,complete,85,93,85,2026-03-21T10:20-07:00,1,P-B
A26-5067,final,complete,82,86,78,2026-03-17T17:00-07:00,1,P-B
A26-5993,screening,complete,97,65,97,2026-03-04T14:00-08:00,1,P-C
A26-0122,final,pending,85,83,97,2026-03-23T11:20-07:00,1,P-A
A26-5015,screening,complete,58,91,60,2026-03-04T15:00-08:00,1,P-C
A26-5177,final,complete,86,83,76,2026-03-19T15:20-07:00,1,P-C
A26-2531,screening,complete,61,87,69,2026-03-04T16:00-08:00,1,P-C
A26-5086,final,complete,85,94,87,2026-03-15T10:00-07:00,1,P-D
A26-6723,final,complete,89,74,71,2026-03-13T11:00-07:00,1,P-D
A26-5049,screening,complete,63,90,88,2026-03-06T15:00-08:00,1,P-A
A26-1258,screening,complete,56,68,65,2026-03-05T10:00-08:00,1,P-C
A26-8229,final,pending,86,96,82,2026-03-21T13:00-07:00,1,P-A
A26-9933,final,complete,87,88,96,2026-03-12T16:20-07:00,1,P-C
A26-9834,final,complete,78,91,70,2026-03-07T09:00-07:00,1,P-A
A26-7528,final,complete,88,90,72,2026-03-28T11:00-07:00,1,P-D
A26-8309,screening,complete,83,65,93,2026-03-08T16:00-08:00,1,P-C
A26-2064,final,complete,84,81,73,2026-03-16T11:40-07:00,1,P-D
A26-0309,final,complete,74,88,75,2026-03-10T16:40-07:00,1,P-A
A26-5117,screening,complete,84,89,89,2026-03-01T11:00-08:00,1,P-D
A26-5075,screening,complete,56,94,87,2026-03-02T13:00-08:00,1,P-D
A26-5141,final,complete,75,82,84,2026-03-22T10:00-07:00,1,P-C
A26-2933,final,complete,90,74,89,2026-03-23T10:20-07:00,1,P-B
A26-1145,final,complete,88,82,71,2026-03-28T11:00-07:00,1,P-D
A26-7535,final,complete,92,98,84,2026-03-18T13:00-07:00,2,P-C
A26-5011,final,complete,87,86,78,2026-03-13T14:40-07:00,1,P-D
A26-0622,final,complete,88,78,82,2026-03-11T11:20-07:00,1,P-B
A26-7612,final,complete,83,96,83,2026-03-22T10:00-07:00,1,P-B
A26-2542,final,complete,79,96,91,2026-03-11T10:00-07:00,1,P-D
A26-0126,final,complete,75,88,94,2026-03-18T09:40-07:00,1,P-C
A26-3907,final,complete,86,80,73,2026-03-17T11:20-07:00,1,P-B
A26-2233,final,pending,87,98,94,2026-03-15T16:40-07:00,1,P-C
A26-5145,final,complete,87,77,75,2026-03-10T15:00-07:00,1,P-D
A26-8681,screening,complete,69,88,87,2026-03-05T14:00-08:00,1,P-C
A26-5082,final,complete,90,92,86,2026-03-08T11:40-07:00,1,P-A
A26-5180,final,complete,74,89,89,2026-03-14T15:00-07:00,1,P-C
A26-3984,screening,complete,82,85,86,2026-03-07T12:00-08:00,1,P-A
A26-5142,final,complete,92,78,77,2026-03-12T15:00-07:00,1,P-C
A26-6127,final,complete,89,95,90,2026-03-17T15:00-07:00,1,P-A
A26-1732,screening,complete,93,83,76,2026-03-06T15:00-08:00,1,P-C
A26-5006,final,complete,79,87,96,2026-03-07T15:40-07:00,1,P-A
A26-4057,screening,complete,84,69,76,2026-03-02T12:00-08:00,1,P-B
A26-1970,final,complete,92,87,80,2026-03-15T17:40-07:00,1,P-D
A26-5129,final,pending,88,73,97,2026-03-21T12:00-07:00,1,P-C
A26-1723,final,complete,71,93,93,2026-03-15T10:00-07:00,1,P-D
A26-8629,screening,complete,84,69,72,2026-03-08T09:00-08:00,1,P-D
A26-5147,final,complete,82,80,88,2026-03-23T17:00-07:00,1,P-C
A26-6046,final,complete,75,84,96,2026-03-13T15:00-07:00,1,P-D
A26-0188,final,complete,87,78,87,2026-03-16T17:20-07:00,1,P-B
A26-9269,screening,complete,87,80,85,2026-03-01T11:00-08:00,1,P-B
A26-5578,final,complete,88,94,87,2026-03-19T13:40-07:00,1,P-D
A26-9797,screening,complete,66,93,89,2026-03-07T16:00-08:00,1,P-C
A26-9555,final,complete,73,76,93,2026-03-14T13:40-07:00,1,P-B
A26-0166,screening,complete,61,98,92,2026-03-02T13:00-08:00,1,P-C
A26-1343,screening,complete,57,94,67,2026-03-08T11:00-08:00,1,P-B
A26-5052,final,complete,86,75,94,2026-03-28T11:00-07:00,1,P-D
A26-4804,final,complete,91,89,73,2026-03-21T15:20-07:00,1,P-D
A26-5893,screening,complete,70,83,81,2026-03-03T14:00-08:00,1,P-C
A26-7239,final,pending,83,91,73,2026-03-14T09:00-07:00,1,P-A
A26-4453,final,complete,94,94,95,2026-03-13T17:00-07:00,1,P-C
A26-2211,final,complete,86,98,75,2026-03-18T17:20-07:00,2,P-A
A26-8002,final,complete,92,92,79,2026-03-18T11:00-07:00,2,P-B
A26-9933,final,complete,83,86,92,2026-03-06T16:20-07:00,1,P-A
A26-1243,screening,complete,97,82,65,2026-03-07T11:00-08:00,1,P-C
A26-5036,final,complete,74,98,72,2026-03-17T12:00-07:00,1,P-B
A26-5100,final,complete,71,83,71,2026-03-07T12:40-07:00,1,P-B
A26-5012,final,complete,73,75,75,2026-03-23T17:40-07:00,1,P-C
A26-8285,final,complete,88,84,92,2026-03-18T17:40-07:00,1,P-B
A26-3512,final,complete,78,72,97,2026-03-12T17:00-07:00,1,P-C
A26-6752,final,complete,91,91,79,2026-03-19T16:20-07:00,1,P-C
A26-1830,final,complete,89,74,96,2026-03-28T11:00-07:00,1,P-D
A26-0307,final,complete,85,79,94,2026-03-17T11:40-07:00,1,P-B
A26-5044,final,complete,99,91,76,2026-03-10T14:00-07:00,1,P-D
A26-9726,final,complete,90,93,79,2026-03-12T11:00-07:00,1,P-B
A26-7117,final,complete,78,85,80,2026-03-28T11:00-07:00,1,P-D
A26-5180,screening,complete,92,84,93,2026-03-02T13:00-08:00,1,P-A
A26-5120,final,complete,87,84,80,2026-03-18T12:40-07:00,1,P-B
A26-4333,final,complete,73,92,90,2026-03-21T16:00-07:00,1,P-D
A26-1380,final,complete,78,92,81,2026-03-17T15:20-07:00,2,P-C
A26-5129,screening,complete,81,77,82,2026-03-01T15:00-08:00,1,P-A
A26-5125,final,complete,92,92,78,2026-03-16T09:00-07:00,1,P-B
A26-8910,final,complete,73,73,83,2026-03-16T16:00-07:00,2,P-C
A26-6312,final,complete,81,82,97,2026-03-19T11:00-07:00,1,P-A
A26-0408,final,complete,73,76,70,2026-03-13T11:40-07:00,1,P-D
A26-5145,final,complete,85,78,72,2026-03-15T15:00-07:00,1,P-C
A26-2434,screening,complete,57,92,74,2026-03-07T09:00-08:00,1,P-B
A26-5183,screening,complete,77,81,64,2026-03-06T14:00-08:00,1,P-C
A26-5023,screening,complete,64,96,74,2026-03-05T13:00-08:00,1,P-A
A26-2278,final,complete,74,74,86,2026-03-19T10:00-07:00,1,P-D
A26-2064,final,complete,84,82,74,2026-03-19T11:40-07:00,1,P-D
A26-7651,final,complete,91,72,93,2026-03-22T11:00-07:00,1,P-B
A26-5110,final,complete,82,90,88,2026-03-19T09:40-07:00,1,P-A
A26-0620,screening,complete,61,74,90,2026-03-02T09:00-08:00,1,P-D
A26-3512,final,complete,79,76,93,2026-03-09T17:00-07:00,1,P-A
A26-5020,final,complete,77,84,79,2026-03-15T09:00-07:00,1,P-B
A26-5112,screening,complete,84,83,97,2026-03-02T09:00-08:00,1,P-B
A26-5084,final,complete,99,74,99,2026-03-19T13:20-07:00,1,P-C
A26-5183,final,complete,92,92,73,2026-03-14T13:20-07:00,1,P-D
A26-5019,final,complete,88,98,96,2026-03-10T17:00-07:00,1,P-A
A26-1158,final,complete,78,94,98,2026-03-15T13:20-07:00,1,P-C
A26-2278,screening,complete,98,74,71,2026-03-01T10:00-08:00,1,P-B
A26-6359,final,complete,83,79,92,2026-03-21T10:00-07:00,1,P-A
A26-2542,screening,complete,73,65,67,2026-03-07T14:00-08:00,1,P-D
A26-0307,screening,complete,91,89,77,2026-03-07T12:00-08:00,1,P-A
A26-6401,final,complete,76,88,83,2026-03-15T17:20-07:00,1,P-D
A26-0817,screening,complete,86,66,75,2026-03-07T13:00-08:00,1,P-C
A26-5072,final,complete,73,88,86,2026-03-12T10:20-07:00,1,P-A
A26-7367,final,complete,87,84,91,2026-03-13T15:40-07:00,1,P-C
A26-5134,final,complete,99,90,85,2026-03-09T09:00-07:00,1,P-B
A26-4984,final,complete,74,93,82,2026-03-14T10:20-07:00,1,P-A
A26-4318,screening,complete,88,92,94,2026-03-04T13:00-08:00,1,P-B
A26-4793,screening,complete,95,83,78,2026-03-07T10:00-08:00,1,P-C
A26-5155,final,complete,82,80,78,2026-03-21T16:00-07:00,1,P-A
A26-2449,screening,complete,65,66,79,2026-03-07T14:00-08:00,1,P-D
A26-3095,final,complete,93,97,97,2026-03-12T16:40-07:00,1,P-D
A26-0817,final,complete,77,80,92,2026-03-19T10:00-07:00,1,P-D
A26-6031,screening,complete,62,78,65,2026-03-02T14:00-08:00,1,P-D
A26-5056,screening,complete,93,89,75,2026-03-07T11:00-08:00,1,P-C
A26-3079,screening,complete,92,88,72,2026-03-05T13:00-08:00,1,P-D
A26-4127,screening,complete,,65,73,2026-03-04T15:00-08:00,1,P-C
A26-5172,final,complete,87,80,89,2026-03-15T14:40-07:00,1,P-B
A26-9786,final,complete,73,77,90,2026-03-28T11:00-07:00,1,P-D
A26-5099,final,complete,75,96,82,2026-03-12T11:00-07:00,1,P-A
A26-2861,screening,complete,92,90,95,2026-03-07T09:00-08:00,1,P-A
A26-5094,screening,complete,87,81,94,2026-03-06T10:00-08:00,1,P-C
A26-7566,final,pending,73,84,77,2026-03-18T15:40-07:00,1,P-D
A26-0188,final,complete,90,80,87,2026-03-15T17:20-07:00,1,P-A
A26-4438,final,complete,85,91,97,2026-03-20T09:00-07:00,1,P-D
A26-0754,screening,complete,63,72,84,2026-03-05T16:00-08:00,1,P-B
A26-5093,final,complete,92,98,80,2026-03-13T15:20-07:00,2,P-A
A26-5016,final,complete,81,90,94,2026-03-20T09:40-07:00,1,P-C
A26-5490,screening,complete,58,86,67,2026-03-08T10:00-08:00,1,P-C
A26-5547,final,complete,98,86,95,2026-03-05T17:00-07:00,1,P-C
A26-8309,final,complete,94,80,98,2026-03-28T11:00-07:00,1,P-D
A26-5058,screening,complete,89,90,65,2026-03-08T11:00-08:00,1,P-C
A26-4138,final,complete,73,74,91,2026-03-19T17:40-07:00,1,P-B
A26-1145,final,complete,94,81,73,2026-03-14T15:40-07:00,1,P-C
A26-5016,screening,complete,56,92,68,2026-03-03T14:00-08:00,1,P-A
A26-8457,final,complete,99,77,73,2026-03-10T16:20-07:00,1,P-A
A26-1347,screening,complete,69,70,77,2026-03-04T11:00-08:00,1,P-C
A26-8466,screening,complete,80,98,60,2026-03-07T16:00-08:00,1,P-C
A26-3848,screening,complete,92,90,62,2026-03-06T16:00-08:00,1,P-A
A26-3405,screening,complete,67,72,62,2026-03-07T12:00-08:00,1,P-D
A26-5022,final,complete,93,83,88,2026-03-17T09:40-07:00,1,P-D
A26-9587,final,complete,89,91,79,2026-03-22T14:40-07:00,1,P-C
A26-6723,final,complete,92,74,74,2026-03-09T11:00-07:00,1,P-C
A26-0754,final,complete,74,90,74,2026-03-19T10:00-07:00,1,P-D
A26-5161,screening,complete,70,74,79,2026-03-08T10:00-08:00,1,P-D
A26-8457,final,complete,92,75,70,2026-03-18T16:20-07:00,1,P-D
A26-1548,final,complete,76,85,92,2026-03-14T14:00-07:00,1,P-D
A26-5163,screening,complete,80,77,74,2026-03-08T14:00-08:00,1,P-D
A26-4805,screening,complete,92,76,70,2026-03-03T09:00-08:00,1,P-D
A26-1176,final,complete,86,76,75,2026-03-12T17:20-07:00,1,P-B
A26-5019,screening,complete,55,72,96,2026-03-05T11:00-08:00,1,P-B
A26-2064,screening,complete,72,88,76,2026-03-06T13:00-08:00,1,P-B
A26-5116,final,complete,70,99,76,2026-03-07T12:20-07:00,1,P-C
A26-5049,final,complete,81,98,81,2026-03-22T11:00-07:00,1,P-B
A26-2434,final,complete,90,83,70,2026-03-13T17:20-07:00,1,P-D
A26-5087,final,complete,85,97,79,2026-03-17T17:40-07:00,1,P-A
A26-4862,final,complete,92,72,92,2026-03-20T17:00-07:00,1,P-B
A26-5176,screening,complete,74,71,95,2026-03-01T11:00-08:00,1,P-D
A26-6046,final,complete,78,84,96,2026-03-13T15:00-07:00,2,P-D
A26-1347,final,complete,70,91,78,2026-03-16T12:40-07:00,1,P-C
A26-5769,final,complete,84,92,87,2026-03-14T16:40-07:00,2,P-C
A26-5014,final,complete,84,87,83,2026-03-18T12:00-07:00,1,P-A
A26-1889,screening,complete,,81,63,2026-03-08T12:00-08:00,1,P-A
A26-4971,screening,complete,58,96,74,2026-03-07T12:00-08:00,1,P-D
A26-9984,screening,complete,81,76,63,2026-03-08T10:00-08:00,1,P-D
A26-5154,final,complete,76,74,80,2026-03-16T09:00-07:00,1,P-A
A26-2142,final,complete,82,87,91,2026-03-22T17:40-07:00,1,P-A
A26-9624,screening,complete,78,82,73,2026-03-07T13:00-08:00,1,P-D
A26-5162,final,pending,83,91,81,2026-03-13T11:00-07:00,1,P-D
A26-7547,screening,complete,93,98,82,2026-03-05T14:00-08:00,1,P-C
A26-5109,screening,complete,65,86,94,2026-03-08T14:00-08:00,1,P-C
A26-6126,screening,complete,72,70,70,2026-03-03T09:00-08:00,1,P-A
A26-0408,screening,complete,69,90,88,2026-03-05T16:00-08:00,1,P-C
A26-5019,final,complete,82,95,94,2026-03-12T17:00-07:00,1,P-A
A26-3722,final,complete,72,78,84,2026-03-13T17:40-07:00,1,P-D
A26-4737,screening,complete,92,97,70,2026-03-04T15:00-08:00,1,P-B
A26-0932,screening,complete,81,73,83,2026-03-04T12:00-08:00,1,P-B
A26-2449,final,complete,76,90,97,2026-03-23T12:40-07:00,1,P-C
A26-6289,final,complete,93,94,87,2026-03-28T11:00-07:00,1,P-D
A26-5054,final,complete,89,80,87,2026-03-17T10:00-07:00,1,P-C
A26-0138,screening,complete,78,89,69,2026-03-02T10:00-08:00,1,P-D
A26-2244,final,complete,88,93,90,2026-03-20T10:20-07:00,1,P-A
A26-2493,screening,complete,84,89,86,2026-03-08T09:00-08:00,1,P-D
A26-5004,screening,complete,87,99,88,2026-03-05T10:00-08:00,1,P-D
A26-0199,final,complete,93,87,73,2026-03-10T10:40-07:00,1,P-D
A26-5056,final,complete,76,80,87,2026-03-16T11:00-07:00,1,P-A
A26-7651,screening,complete,62,74,77,2026-03-05T11:00-08:00,1,P-C
A26-2807,screening,complete,64,94,97,2026-03-05T09:00-08:00,1,P-D
A26-5057,screening,complete,56,85,70,2026-03-02T09:00-08:00,1,P-A
A26-4506,final,complete,87,98,90,2026-03-12T16:40-07:00,1,P-C
A26-0003,screening,complete,93,98,74,2026-03-06T15:00-08:00,1,P-D
A26-4687,final,pending,89,78,88,2026-03-15T16:40-07:00,1,P-A
A26-1270,final,complete,93,86,73,2026-03-17T16:40-07:00,1,P-B
A26-3732,screening,complete,96,97,67,2026-03-04T15:00-08:00,1,P-D
A26-1502,final,complete,82,84,72,2026-03-23T09:20-07:00,2,P-B
A26-6359,screening,complete,82,82,86,2026-03-01T12:00-08:00,1,P-B
A26-1970,screening,complete,55,88,88,2026-03-07T09:00-08:00,1,P-C
A26-2486,screening,complete,69,95,68,2026-03-07T15:00-08:00,1,P-B
A26-5134,screening,complete,81,88,88,2026-03-06T13:00-08:00,1,P-C
A26-5041,screening,complete,67,85,93,2026-03-06T14:00-08:00,1,P-B
A26-6375,final,complete,97,96,71,2026-03-14T11:20-07:00,1,P-A
A26-5108,screening,complete,98,73,85,2026-03-03T11:00-08:00,1,P-C
A26-5153,screening,complete,96,81,93,2026-03-02T12:00-08:00,1,P-B
A26-4430,screening,complete,97,79,71,2026-03-01T16:00-08:00,1,P-D
A26-0536,final,complete,76,89,77,2026-03-20T09:00-07:00,1,P-D
A26-2914,screening,complete,,89,83,2026-03-04T13:00-08:00,1,P-D
A26-5178,final,complete,74,79,91,2026-03-23T16:40-07:00,2,P-D
A26-5003,final,complete,81,95,72,2026-03-12T15:00-07:00,1,P-C
A26-8457,screening,complete,68,65,84,2026-03-03T13:00-08:00,1,P-B
A26-5105,final,complete,90,91,86,2026-03-28T11:00-07:00,1,P-D
A26-9587,final,complete,96,94,77,2026-03-20T14:40-07:00,1,P-D
A26-7380,final,complete,74,74,73,2026-03-09T12:20-07:00,1,P-A
A26-9230,screening,complete,72,72,69,2026-03-03T11:00-08:00,1,P-A
A26-5124,screening,complete,89,99,85,2026-03-01T13:00-08:00,1,P-A
A26-5164,screening,complete,78,70,65,2026-03-01T16:00-08:00,1,P-C
A26-9806,final,complete,74,73,98,2026-03-22T13:20-07:00,1,P-C
A26-4857,screening,complete,61,79,91,2026-03-03T15:00-08:00,1,P-A
A26-7528,final,complete,89,90,72,2026-03-22T11:20-07:00,1,P-B
A26-8689,final,complete,90,97,96,2026-03-19T12:20-07:00,2,P-D
A26-5008,final,complete,89,73,79,2026-03-17T14:20-07:00,1,P-B
A26-3929,final,complete,73,72,88,2026-03-06T16:20-07:00,1,P-B
A26-5011,screening,complete,96,81,72,2026-03-07T09:00-08:00,1,P-D
A26-5112,final,complete,93,76,78,2026-03-16T12:40-07:00,1,P-D
A26-5006,screening,complete,67,94,98,2026-03-05T09:00-08:00,1,P-D
A26-0632,screening,complete,,87,80,2026-03-07T12:00-08:00,1,P-C
A26-5165,final,complete,87,82,98,2026-03-17T15:40-07:00,1,P-D
A26-4531,final,complete,89,80,91,2026-03-22T14:20-07:00,1,P-B
A26-1099,final,complete,90,74,70,2026-03-19T11:20-07:00,1,P-C
A26-3016,final,complete,82,97,92,2026-03-16T11:00-07:00,1,P-B
A26-5104,final,complete,77,97,71,2026-03-22T09:00-07:00,1,P-D
A26-7239,screening,complete,79,88,72,2026-03-04T15:00-08:00,1,P-A
A26-3484,final,complete,82,77,88,2026-03-15T11:20-07:00,1,P-B
A26-8081,screening,complete,68,98,60,2026-03-08T12:00-08:00,1,P-C
A26-1347,final,pending,73,91,81,2026-03-17T12:40-07:00,2,P-D
A26-5046,final,complete,90,82,72,2026-03-07T16:20-07:00,1,P-C
A26-5088,final,complete,76,82,80,2026-03-23T16:40-07:00,1,P-B
A26-5035,screening,complete,65,82,97,2026-03-06T11:00-08:00,1,P-C
A26-0408,final,complete,67,78,66,2026-03-11T11:40-07:00,1,P-C
A26-5057,final,complete,82,83,95,2026-03-15T17:40-07:00,1,P-B
A26-6326,screening,complete,57,75,79,2026-03-03T09:00-08:00,1,P-D
A26-5442,final,complete,72,88,88,2026-03-22T12:00-07:00,2,P-A
A26-5132,final,complete,74,96,73,2026-03-13T13:00-07:00,1,P-C
A26-5148,final,complete,93,78,87,2026-03-15T10:40-07:00,1,P-B
A26-1773,screening,complete,59,94,62,2026-03-03T09:00-08:00,1,P-A
A26-5127,final,complete,86,88,86,2026-03-07T16:00-07:00,1,P-A
A26-3823,screening,complete,65,95,85,2026-03-01T10:00-08:00,1,P-A
A26-4453,screening,complete,56,71,88,2026-03-08T13:00-08:00,1,P-D
A26-5174,final,complete,87,81,85,2026-03-14T09:20-07:00,1,P-A
A26-3051,final,complete,91,81,85,2026-03-23T16:20-07:00,1,P-B
A26-5124,final,complete,73,75,70,2026-03-22T09:40-07:00,1,P-C
A26-9486,screening,complete,55,96,89,2026-03-02T15:00-08:00,1,P-C
A26-5065,screening,complete,94,82,88,2026-03-04T12:00-08:00,1,P-A
A26-9809,final,complete,90,77,93,2026-03-17T14:00-07:00,1,P-B
A26-0600,final,complete,85,71,77,2026-03-14T14:20-07:00,1,P-D
A26-0241,screening,complete,76,88,87,2026-03-06T15:00-08:00,1,P-D
A26-5060,final,complete,95,84,83,2026-03-06T12:40-07:00,1,P-C
A26-0335,screening,complete,82,68,86,2026-03-07T12:00-08:00,1,P-C
A26-5047,final,complete,82,98,80,2026-03-15T11:20-07:00,1,P-D
A26-8199,screening,complete,93,82,86,2026-03-03T12:00-08:00,1,P-D
A26-1814,final,complete,84,74,77,2026-03-18T15:40-07:00,1,P-D
A26-5158,screening,complete,70,94,62,2026-03-05T14:00-08:00,1,P-B
A26-0841,screening,complete,,97,78,2026-03-05T09:00-08:00,1,P-B
A26-5034,final,complete,89,75,86,2026-03-15T15:20-07:00,1,P-C
A26-7528,final,complete,92,93,73,2026-03-15T11:20-07:00,1,P-B
A26-2183,screening,complete,86,81,82,2026-03-01T11:00-08:00,1,P-B
A26-0200,screening,complete,61,65,81,2026-03-04T15:00-08:00,1,P-C
A26-5017,screening,complete,80,85,64,2026-03-01T09:00-08:00,1,P-C
A26-5051,final,complete,73,98,83,2026-03-23T14:00-07:00,1,P-A
A26-3833,final,complete,91,88,86,2026-03-17T16:40-07:00,1,P-A
A26-5043,screening,complete,88,88,76,2026-03-05T16:00-08:00,1,P-D
A26-7834,final,complete,83,73,95,2026-03-15T12:40-07:00,1,P-B
A26-5129,final,complete,94,73,97,2026-03-28T11:00-07:00,1,P-D
A26-5068,screening,complete,74,92,97,2026-03-07T12:00-08:00,1,P-B
A26-3000,final,complete,76,84,80,2026-03-28T11:00-07:00,1,P-D
A26-0622,final,complete,89,74,82,2026-03-14T11:20-07:00,1,P-D
A26-3179,final,complete,99,91,99,2026-03-09T10:20-07:00,1,P-A
A26-4568,screening,complete,79,91,62,2026-03-04T15:00-08:00,1,P-D
A26-5001,final,complete,82,89,83,2026-03-11T11:20-07:00,1,P-D
A26-5089,final,complete,74,97,87,2026-03-20T17:00-07:00,1,P-C
A26-5120,final,complete,81,83,84,2026-03-22T12:40-07:00,1,P-D
A26-5106,screening,complete,70,83,62,2026-03-05T16:00-08:00,1,P-D
A26-5177,final,complete,91,82,73,2026-03-23T15:20-07:00,1,P-C
A26-5136,screening,complete,83,66,71,2026-03-04T10:00-08:00,1,P-A
A26-0179,final,complete,88,98,74,2026-03-20T09:20-07:00,1,P-B
A26-0199,final,complete,92,85,73,2026-03-17T10:40-07:00,1,P-A
A26-5112,final,complete,90,73,75,2026-03-18T12:40-07:00,1,P-A
A26-8629,final,complete,77,78,76,2026-03-15T16:00-07:00,1,P-C
A26-8029,final,complete,86,88,87,2026-03-22T17:20-07:00,1,P-B
A26-5179,final,complete,88,92,90,2026-03-12T09:00-07:00,1,P-B
A26-5769,final,complete,81,92,87,2026-03-14T16:40-07:00,1,P-D
A26-6745,final,complete,93,82,74,2026-03-23T16:00-07:00,1,P-D
A26-5135,screening,complete,82,80,77,2026-03-01T13:00-08:00,1,P-A
A26-8731,final,complete,98,95,66,2026-03-15T14:20-07:00,1,P-D
A26-6525,final,pending,72,91,79,2026-03-13T14:20-07:00,1,P-B
A26-5062,final,complete,83,93,82,2026-03-12T09:40-07:00,1,P-A
A26-5064,final,complete,75,68,69,2026-03-04T15:00-07:00,1,P-B
A26-6742,screening,complete,69,94,70,2026-03-08T11:00-08:00,1,P-C
A26-3069,final,complete,75,87,89,2026-03-18T14:00-07:00,1,P-A
A26-8483,final,complete,82,95,87,2026-03-22T10:40-07:00,1,P-B
A26-3823,final,pending,76,75,87,2026-03-15T17:40-07:00,1,P-C
A26-5050,screening,complete,64,81,89,2026-03-05T14:00-08:00,1,P-B
A26-8803,final,complete,79,92,79,2026-03-28T11:00-07:00,1,P-D
A26-8544,screening,complete,62,66,78,2026-03-04T11:00-08:00,1,P-D
A26-5175,final,complete,93,78,96,2026-03-15T12:00-07:00,1,P-C
A26-5165,screening,complete,86,89,93,2026-03-01T13:00-08:00,1,P-D
A26-0536,screening,complete,61,82,75,2026-03-01T10:00-08:00,1,P-A
A26-5824,screening,complete,88,96,64,2026-03-08T12:00-08:00,1,P-B
A26-5132,final,complete,77,95,71,2026-03-12T13:00-07:00,1,P-C
A26-8336,final,complete,89,74,86,2026-03-13T12:40-07:00,1,P-B
A26-5111,final,complete,85,85,72,2026-03-18T12:00-07:00,1,P-B
A26-4793,final,complete,88,82,88,2026-03-14T12:00-07:00,1,P-B
A26-5824,final,complete,83,83,82,2026-03-10T12:20-07:00,1,P-A
A26-5020,screening,complete,76,76,97,2026-03-06T15:00-08:00,1,P-D
A26-5141,final,complete,71,83,80,2026-03-17T10:00-07:00,1,P-C
A26-5108,final,complete,84,74,75,2026-03-28T11:00-07:00,1,P-D
A26-2275,screening,complete,90,66,90,2026-03-07T14:00-08:00,1,P-B
A26-5033,screening,complete,88,86,81,2026-03-06T16:00-08:00,1,P-C
A26-0122,screening,complete,78,79,65,2026-03-02T12:00-08:00,1,P-D
A26-5084,final,complete,93,74,98,2026-03-20T13:20-07:00,1,P-A
A26-5034,screening,complete,98,73,70,2026-03-03T16:00-08:00,1,P-B
A26-0201,final,complete,73,96,82,2026-03-16T09:40-07:00,1,P-A
A26-5077,final,complete,79,90,70,2026-03-14T17:40-07:00,1,P-A
A26-5173,final,complete,88,73,96,2026-03-22T11:00-07:00,1,P-A
A26-5003,final,complete,89,98,71,2026-03-11T15:00-07:00,1,P-D
A26-0737,screening,complete,93,97,72,2026-03-02T10:00-08:00,1,P-A
A26-5122,screening,complete,57,91,87,2026-03-03T09:00-08:00,1,P-B
A26-0328,final,complete,78,94,90,2026-03-17T13:00-07:00,1,P-C
A26-5038,screening,complete,78,87,76,2026-03-02T16:00-08:00,1,P-C
A26-5090,screening,complete,85,94,63,2026-03-08T09:00-08:00,1,P-C
A26-2142,final,complete,85,87,91,2026-03-22T17:40-07:00,2,P-B
A26-3355,screening,complete,89,81,64,2026-03-01T13:00-08:00,1,P-A
A26-6061,screening,complete,75,70,82,2026-03-08T13:00-08:00,1,P-D
A26-5062,final,complete,83,93,83,2026-03-19T09:40-07:00,2,P-A
A26-5096,final,pending,74,83,72,2026-03-12T10:00-07:00,1,P-A
A26-3554,screening,complete,89,69,78,2026-03-07T13:00-08:00,1,P-D
A26-5041,final,complete,99,92,92,2026-03-19T17:00-07:00,1,P-B
A26-0200,final,pending,85,85,70,2026-03-22T15:40-07:00,1,P-C
A26-5100,screening,complete,67,80,98,2026-03-04T12:00-08:00,1,P-D
A26-0361,screening,complete,71,69,95,2026-03-08T12:00-08:00,1,P-D
A26-0632,final,complete,95,97,91,2026-03-14T09:20-07:00,1,P-B
A26-8029,final,complete,91,91,85,2026-03-19T17:20-07:00,1,P-D
A26-9555,screening,complete,85,97,88,2026-03-05T15:00-08:00,1,P-C
A26-1343,final,complete,84,76,97,2026-03-13T11:00-07:00,1,P-A
A26-5000,screening,complete,82,96,96,2026-03-08T09:00-08:00,1,P-B
A26-5175,screening,complete,76,90,86,2026-03-04T12:00-08:00,1,P-C
A26-5156,final,pending,72,86,97,2026-03-12T15:00-07:00,1,P-C
A26-1932,final,complete,74,75,87,2026-03-17T16:20-07:00,1,P-D
A26-5073,final,complete,68,85,72,2026-03-28T11:00-07:00,1,P-D
A26-5098,screening,complete,58,97,78,2026-03-01T09:00-08:00,1,P-A
A26-5071,screening,complete,81,89,97,2026-03-06T16:00-08:00,1,P-A
A26-5696,screening,complete,76,83,95,2026-03-05T12:00-08:00,1,P-B
A26-8862,final,complete,76,73,95,2026-03-21T17:00-07:00,2,P-C
A26-5547,final,complete,92,84,95,2026-03-13T17:00-07:00,1,P-D
A26-5130,screening,complete,93,72,72,2026-03-01T16:00-08:00,1,P-C
A26-2356,final,complete,81,93,91,2026-03-13T14:20-07:00,1,P-C
A26-8474,final,complete,76,81,86,2026-03-14T10:40-07:00,1,P-D
A26-5669,screening,complete,74,84,77,2026-03-06T15:00-08:00,1,P-A
A26-4829,final,complete,80,86,74,2026-03-18T10:20-07:00,1,P-C
A26-5063,screening,complete,88,73,77,2026-03-06T16:00-08:00,1,P-A
A26-1995,final,complete,79,76,85,2026-03-17T16:00-07:00,1,P-D
A26-0646,screening,complete,61,94,83,2026-03-01T14:00-08:00,1,P-B
A26-6326,final,complete,89,77,85,2026-03-17T10:40-07:00,1,P-D
A26-5093,screening,complete,72,83,65,2026-03-01T15:00-08:00,1,P-A
A26-8260,final,complete,88,85,77,2026-03-13T10:40-07:00,1,P-A
A26-5137,screening,complete,79,95,83,2026-03-06T10:00-08:00,1,P-D
A26-3538,final,complete,76,96,79,2026-03-13T13:20-07:00,1,P-B
A26-6726,final,complete,81,98,72,2026-03-21T10:00-07:00,1,P-B
A26-4804,final,complete,86,90,75,2026-03-17T15:20-07:00,1,P-A
A26-5126,final,complete,76,86,94,2026-03-13T09:40-07:00,1,P-D
A26-3512,screening,complete,89,67,79,2026-03-08T13:00-08:00,1,P-A
A26-5473,final,complete,93,88,76,2026-03-17T11:00-07:00,1,P-D
A26-5090,final,complete,92,93,84,2026-03-07T16:40-07:00,1,P-D
A26-3426,final,complete,84,76,89,2026-03-20T09:20-07:00,1,P-D
A26-4229,final,complete,90,86,70,2026-03-23T16:00-07:00,1,P-C
A26-5103,screening,complete,84,70,96,2026-03-06T16:00-08:00,1,P-D
A26-3028,final,complete,82,73,93,2026-03-11T15:20-07:00,1,P-A
A26-5091,final,complete,99,78,87,2026-03-14T16:20-07:00,1,P-D
A26-8698,final,complete,84,86,91,2026-03-23T17:20-07:00,1,P-C
A26-5179,screening,complete,95,90,90,2026-03-05T11:00-08:00,1,P-D
A26-5048,final,complete,80,74,71,2026-03-19T12:40-07:00,1,P-A
A26-1847,final,complete,93,95,93,2026-03-21T12:40-07:00,1,P-D
A26-1331,screening,complete,89,70,69,2026-03-03T16:00-08:00,1,P-B
A26-0015,screening,complete,75,80,91,2026-03-06T16:00-08:00,1,P-C
A26-5396,screening,complete,70,76,66,2026-03-07T14:00-08:00,1,P-C
A26-5144,final,complete,84,86,66,2026-03-17T13:00-07:00,1,P-B
A26-5024,final,complete,77,95,71,2026-03-20T17:20-07:00,1,P-C
A26-5047,final,complete,86,98,80,2026-03-28T11:00-07:00,1,P-D
A26-5064,screening,complete,58,84,62,2026-03-04T14:00-08:00,1,P-C
A26-5122,final,complete,76,72,69,2026-03-11T17:00-07:00,1,P-C
A26-5139,final,complete,84,99,77,2026-03-10T09:00-07:00,1,P-B
A26-1243,final,complete,85,84,96,2026-03-28T11:00-07:00,1,P-D
A26-5157,final,complete,76,85,74,2026-03-13T14:20-07:00,1,P-C
A26-4732,final,complete,89,98,96,2026-03-23T15:40-07:00,1,P-D
A26-5115,final,complete,85,98,94,2026-03-21T17:40-07:00,1,P-C
A26-2888,screening,complete,63,73,85,2026-03-08T16:00-08:00,1,P-A
A26-5033,final,complete,72,95,78,2026-03-14T16:00-07:00,1,P-D
A26-2709,final,complete,84,96,79,2026-03-15T11:40-07:00,1,P-B
A26-5135,final,complete,90,71,71,2026-03-18T16:40-07:00,1,P-B
A26-7612,screening,complete,82,78,84,2026-03-08T15:00-08:00,1,P-B
A26-9935,screening,complete,87,75,62,2026-03-06T15:00-08:00,1,P-B
A26-8854,final,complete,72,93,85,2026-03-18T14:40-07:00,1,P-D
A26-1889,final,complete,99,98,97,2026-03-13T15:20-07:00,1,P-C
A26-7725,final,complete,73,91,97,2026-03-20T09:00-07:00,1,P-C
A26-9969,final,complete,80,79,74,2026-03-18T12:40-07:00,1,P-C
A26-0620,final,complete,85,99,74,2026-03-04T15:00-07:00,1,P-D
A26-5005,final,complete,81,85,88,2026-03-23T17:00-07:00,1,P-A
A26-5088,final,complete,74,85,82,2026-03-22T16:40-07:00,1,P-B
A26-8466,final,complete,82,85,75,2026-03-16T12:00-07:00,1,P-B
A26-5157,screening,complete,74,95,91,2026-03-04T12:00-08:00,1,P-D
A26-1847,final,complete,,92,97,2026-03-19T12:40-07:00,1,P-D
A26-5091,final,complete,88,76,87,2026-03-22T16:20-07:00,1,P-B
A26-4787,screening,complete,84,78,91,2026-03-08T15:00-08:00,1,P-C
A26-6808,final,complete,79,95,74,2026-03-10T14:00-07:00,1,P-C
A26-1270,screening,complete,77,92,64,2026-03-04T13:00-08:00,1,P-C
A26-9969,screening,complete,98,77,60,2026-03-03T11:00-08:00,1,P-D
A26-4873,final,complete,76,84,78,2026-03-15T11:00-07:00,1,P-C
A26-8645,final,complete,95,87,73,2026-03-14T12:00-07:00,1,P-C
A26-5036,screening,complete,63,90,78,2026-03-03T15:00-08:00,1,P-C
A26-8788,final,complete,87,88,77,2026-03-14T16:20-07:00,1,P-C
A26-7082,final,complete,89,87,91,2026-03-15T09:40-07:00,1,P-B
A26-5087,screening,complete,94,72,71,2026-03-02T14:00-08:00,1,P-A
A26-5101,final,complete,80,80,78,2026-03-22T16:20-07:00,1,P-C
A26-8731,final,complete,91,95,70,2026-03-21T14:20-07:00,1,P-B
A26-5068,final,pending,93,97,84,2026-03-19T14:00-07:00,1,P-C
A26-7111,final,complete,82,84,99,2026-03-20T14:40-07:00,1,P-A
A26-5111,final,complete,91,88,71,2026-03-22T12:00-07:00,1,P-B
A26-5062,screening,complete,68,81,66,2026-03-03T13:00-08:00,1,P-B
A26-7784,final,complete,73,77,76,2026-03-21T16:20-07:00,1,P-A
A26-5080,final,complete,92,99,91,2026-03-12T12:20-07:00,1,P-A
A26-5274,screening,complete,63,79,91,2026-03-07T11:00-08:00,1,P-B
A26-7834,final,complete,77,70,92,2026-03-10T12:40-07:00,1,P-D
A26-5082,screening,complete,56,97,60,2026-03-04T10:00-08:00,1,P-C
A26-0179,screening,complete,61,90,75,2026-03-07T09:00-08:00,1,P-C
A26-5042,final,complete,79,77,82,2026-03-12T09:40-07:00,1,P-D
A26-9115,screening,complete,94,77,65,2026-03-04T15:00-08:00,1,P-B
A26-1176,screening,complete,87,89,90,2026-03-06T14:00-08:00,1,P-C
A26-5123,final,complete,87,73,76,2026-03-10T14:40-07:00,1,P-A
A26-6064,final,complete,87,85,83,2026-03-16T10:00-07:00,1,P-C
A26-5473,screening,complete,98,96,73,2026-03-03T09:00-08:00,1,P-D
A26-5035,final,complete,67,69,73,2026-03-21T11:40-07:00,1,P-A
A26-9587,screening,complete,96,85,83,2026-03-05T09:00-08:00,1,P-B
A26-4531,final,complete,90,83,89,2026-03-15T14:20-07:00,1,P-A
A26-7110,final,complete,89,88,71,2026-03-13T10:20-07:00,1,P-C
A26-5149,final,pending,79,95,94,2026-03-14T13:00-07:00,1,P-C
A26-5017,final,complete,73,73,82,2026-03-18T09:20-07:00,1,P-C
A26-9411,final,complete,93,89,73,2026-03-12T17:40-07:00,1,P-A
A26-4568,final,complete,92,94,86,2026-03-28T11:00-07:00,1,P-D
A26-6525,screening,complete,58,97,86,2026-03-03T11:00-08:00,1,P-C
A26-8014,screening,complete,65,82,87,2026-03-01T11:00-08:00,1,P-C
A26-4054,final,complete,84,99,93,2026-03-14T17:20-07:00,1,P-D
A26-5074,final,complete,90,94,97,2026-03-18T10:40-07:00,1,P-B
A26-1001,final,complete,76,87,71,2026-03-15T12:20-07:00,1,P-C
A26-5002,screening,complete,93,96,77,2026-03-02T09:00-08:00,1,P-C
A26-2449,final,complete,74,93,98,2026-03-16T12:40-07:00,1,P-C
A26-5094,final,complete,75,97,99,2026-03-15T14:20-07:00,1,P-B
A26-0715,final,complete,78,94,73,2026-03-23T12:40-07:00,1,P-C
A26-5179,final,complete,88,92,86,2026-03-05T09:00-07:00,1,P-B
A26-5120,screening,complete,57,95,66,2026-03-01T12:00-08:00,1,P-C
A26-5681,final,complete,78,89,91,2026-03-06T12:20-07:00,1,P-D
A26-6587,final,complete,88,81,82,2026-03-20T11:00-07:00,1,P-D
A26-3873,final,complete,89,95,74,2026-03-10T10:00-07:00,1,P-C
A26-4438,screening,complete,86,96,76,2026-03-03T11:00-08:00,1,P-B
A26-5086,final,complete,80,98,87,2026-03-07T10:00-07:00,1,P-D
A26-8574,final,complete,78,81,85,2026-03-19T10:20-07:00,1,P-B
A26-0135,screening,complete,86,73,71,2026-03-05T15:00-08:00,1,P-C
A26-8002,screening,complete,80,72,65,2026-03-04T10:00-08:00,1,P-D
A26-5069,final,complete,75,83,96,2026-03-21T14:20-07:00,1,P-A
A26-5681,final,complete,72,90,90,2026-03-12T12:20-07:00,1,P-C
A26-5168,screening,complete,72,92,99,2026-03-04T12:00-08:00,1,P-C
A26-8014,final,complete,81,97,85,2026-03-18T12:00-07:00,1,P-C
A26-6617,screening,complete,96,87,70,2026-03-07T09:00-08:00,1,P-B
A26-4993,final,complete,79,75,84,2026-03-16T13:20-07:00,1,P-D
A26-1995,final,complete,74,78,83,2026-03-09T16:00-07:00,1,P-C
A26-2157,screening,complete,74,65,73,2026-03-03T12:00-08:00,1,P-C
A26-4985,screening,complete,76,70,90,2026-03-05T13:00-08:00,1,P-C
A26-5030,final,complete,71,96,72,2026-03-28T11:00-07:00,1,P-D
A26-6129,screening,complete,93,90,87,2026-03-05T09:00-08:00,1,P-B
A26-3484,final,complete,87,76,85,2026-03-14T11:20-07:00,1,P-D
A26-5113,final,complete,72,75,86,2026-03-22T12:40-07:00,1,P-B
A26-5002,final,complete,85,83,87,2026-03-22T11:40-07:00,1,P-B
A26-6061,final,complete,86,78,94,2026-03-16T13:00-07:00,1,P-A
A26-5061,final,complete,93,75,72,2026-03-11T11:00-07:00,1,P-B
A26-5051,screening,complete,95,71,79,2026-03-08T16:00-08:00,1,P-A
A26-5039,final,complete,78,77,91,2026-03-23T15:00-07:00,1,P-D
A26-5149,screening,complete,86,90,84,2026-03-07T09:00-08:00,1,P-D
A26-5037,screening,complete,58,95,86,2026-03-06T15:00-08:00,1,P-A
A26-5578,screening,complete,76,84,84,2026-03-08T12:00-08:00,1,P-D
A26-4568,final,complete,96,93,86,2026-03-13T10:00-07:00,1,P-D
A26-5154,screening,complete,65,98,98,2026-03-02T13:00-08:00,1,P-D
A26-5400,final,complete,90,84,73,2026-03-15T11:20-07:00,1,P-B
A26-5108,final,complete,78,74,75,2026-03-16T17:40-07:00,2,P-B
A26-9855,final,complete,88,98,78,2026-03-19T16:00-07:00,1,P-C
A26-2525,final,complete,87,79,88,2026-03-08T15:00-07:00,1,P-D
A26-5130,final,complete,83,73,97,2026-03-23T16:20-07:00,1,P-C
A26-5153,final,complete,77,92,83,2026-03-17T11:20-07:00,1,P-D
A26-5993,final,complete,81,70,72,2026-03-17T10:00-07:00,1,P-A
A26-5140,screening,complete,63,83,99,2026-03-01T13:00-08:00,1,P-D
A26-5005,screening,complete,63,76,81,2026-03-02T11:00-08:00,1,P-D
A26-8014,final,complete,87,93,87,2026-03-11T12:00-07:00,1,P-C
A26-6127,final,complete,85,95,90,2026-03-28T11:00-07:00,1,P-D
A26-3114,final,complete,81,96,97,2026-03-28T11:00-07:00,1,P-D
A26-5158,final,complete,80,87,97,2026-03-15T09:40-07:00,1,P-B
A26-5167,final,complete,73,92,76,2026-03-19T10:20-07:00,1,P-B
A26-0304,screening,complete,98,70,97,2026-03-08T12:00-08:00,1,P-B
A26-6326,final,complete,92,77,85,2026-03-17T10:40-07:00,2,P-B
A26-6280,screening,complete,76,76,83,2026-03-03T15:00-08:00,1,P-D
A26-9407,final,complete,87,81,79,2026-03-20T10:00-07:00,1,P-A
A26-5086,screening,complete,79,89,66,2026-03-02T12:00-08:00,1,P-B
A26-6965,final,complete,77,76,71,2026-03-18T10:40-07:00,1,P-A
A26-5141,screening,complete,85,77,69,2026-03-08T13:00-08:00,1,P-A
A26-4054,screening,complete,66,88,82,2026-03-01T11:00-08:00,1,P-C
A26-5993,final,complete,87,74,71,2026-03-18T10:00-07:00,2,P-D
A26-4847,final,complete,81,92,71,2026-03-14T15:20-07:00,1,P-A
A26-8205,final,complete,80,76,91,2026-03-23T11:40-07:00,1,P-D
A26-2356,final,complete,86,89,88,2026-03-12T14:20-07:00,1,P-C
A26-9834,screening,complete,68,72,98,2026-03-06T12:00-08:00,1,P-C
A26-4333,screening,complete,88,97,89,2026-03-02T09:00-08:00,1,P-B
A26-0934,screening,complete,89,93,92,2026-03-07T12:00-08:00,1,P-D
A26-5081,screening,complete,85,66,99,2026-03-01T09:00-08:00,1,P-C
A26-8896,final,complete,77,78,99,2026-03-05T11:40-07:00,1,P-B
A26-9016,screening,complete,77,71,66,2026-03-07T16:00-08:00,1,P-C
A26-5037,final,complete,85,72,70,2026-03-14T12:40-07:00,1,P-B
A26-4857,final,complete,82,97,87,2026-03-21T09:40-07:00,1,P-B
A26-5087,final,complete,93,99,81,2026-03-09T17:40-07:00,1,P-D
A26-5068,final,complete,89,94,82,2026-03-12T14:00-07:00,1,P-D
A26-5084,screening,complete,92,79,81,2026-03-06T14:00-08:00,1,P-A
A26-1673,final,complete,76,84,76,2026-03-13T14:40-07:00,1,P-B
A26-5091,final,pending,91,76,87,2026-03-22T16:20-07:00,2,P-D
A26-5059,screening,complete,90,78,86,2026-03-03T12:00-08:00,1,P-C
A26-5191,final,complete,75,94,74,2026-03-21T13:40-07:00,1,P-A
A26-1251,final,pending,74,97,87,2026-03-21T15:40-07:00,1,P-D
A26-4687,screening,complete,71,99,88,2026-03-02T13:00-08:00,1,P-D
A26-1380,final,complete,75,92,81,2026-03-17T15:20-07:00,1,P-D
A26-6046,final,complete,83,82,97,2026-03-06T15:00-07:00,1,P-B
A26-2493,final,complete,96,93,76,2026-03-07T12:00-07:00,1,P-A
A26-9458,final,complete,68,93,69,2026-03-17T09:40-07:00,1,P-A
A26-7923,screening,complete,70,94,89,2026-03-08T11:00-08:00,1,P-A
A26-8645,final,complete,89,90,71,2026-03-20T12:00-07:00,1,P-C
A26-5128,final,complete,73,88,97,2026-03-18T16:20-07:00,1,P-C
A26-9726,final,complete,89,91,79,2026-03-18T11:00-07:00,1,P-C
A26-5993,final,complete,84,74,71,2026-03-18T10:00-07:00,1,P-C
A26-7834,screening,complete,65,76,81,2026-03-01T16:00-08:00,1,P-A
A26-5104,screening,complete,60,88,81,2026-03-07T09:00-08:00,1,P-A
A26-8002,final,complete,89,92,79,2026-03-18T11:00-07:00,1,P-D
A26-7021,screening,complete,69,80,84,2026-03-08T15:00-08:00,1,P-A
A26-5146,final,pending,93,76,74,2026-03-22T16:40-07:00,1,P-A
A26-8336,screening,complete,79,77,89,2026-03-07T16:00-08:00,1,P-C
A26-1145,screening,complete,75,89,73,2026-03-04T12:00-08:00,1,P-A
A26-5143,final,complete,80,71,94,2026-03-19T12:20-07:00,1,P-D
A26-2120,screening,complete,77,65,71,2026-03-08T10:00-08:00,1,P-A
A26-5490,final,pending,87,91,98,2026-03-21T13:00-07:00,1,P-C
A26-1455,screening,complete,,83,97,2026-03-05T11:00-08:00,1,P-B
A26-9486,final,complete,75,94,77,2026-03-20T09:00-07:00,1,P-D
A26-2142,final,complete,90,88,88,2026-03-17T17:40-07:00,1,P-D
A26-3657,screening,complete,82,96,98,2026-03-08T13:00-08:00,1,P-A
A26-5191,screening,complete,90,68,88,2026-03-02T13:00-08:00,1,P-A
A26-5136,final,complete,90,73,84,2026-03-13T11:20-07:00,1,P-B
A26-4229,final,complete,95,86,66,2026-03-21T16:00-07:00,1,P-D
A26-5153,final,complete,80,90,86,2026-03-21T11:20-07:00,2,P-D
A26-0304,final,complete,74,94,82,2026-03-22T12:00-07:00,1,P-B
A26-6742,final,complete,77,94,96,2026-03-13T11:00-07:00,1,P-D
A26-4829,screening,complete,60,83,86,2026-03-05T09:00-08:00,1,P-C
A26-4805,final,complete,86,98,98,2026-03-23T15:00-07:00,1,P-B
A26-1004,final,complete,82,79,98,2026-03-21T15:20-07:00,1,P-D
A26-1778,final,complete,82,95,89,2026-03-21T12:20-07:00,1,P-D
A26-2159,screening,complete,94,94,82,2026-03-02T13:00-08:00,1,P-A
A26-8483,screening,complete,66,76,68,2026-03-04T13:00-08:00,1,P-B
A26-1723,final,complete,76,94,89,2026-03-19T10:00-07:00,1,P-D
A26-0896,final,complete,72,93,81,2026-03-14T17:40-07:00,1,P-C
A26-1331,final,complete,89,90,90,2026-03-17T14:00-07:00,1,P-C
A26-9305,screening,complete,64,68,71,2026-03-06T16:00-08:00,1,P-D
A26-5012,screening,complete,83,98,91,2026-03-05T13:00-08:00,1,P-D
A26-5101,final,complete,87,78,77,2026-03-20T16:20-07:00,1,P-B
A26-3114,screening,complete,88,77,68,2026-03-08T09:00-08:00,1,P-D
A26-8309,final,complete,89,77,94,2026-03-22T13:40-07:00,1,P-A
A26-5004,final,complete,83,76,89,2026-03-13T12:00-07:00,2,P-B
A26-5106,final,complete,72,79,81,2026-03-15T09:20-07:00,1,P-B
A26-9458,final,complete,73,94,73,2026-03-20T09:40-07:00,1,P-A
A26-4506,screening,complete,96,70,90,2026-03-03T12:00-08:00,1,P-B
A26-4732,final,complete,96,94,93,2026-03-18T15:40-07:00,1,P-C
A26-8836,screening,complete,77,75,70,2026-03-02T12:00-08:00,1,P-D
A26-5107,screening,complete,69,93,92,2026-03-02T10:00-08:00,1,P-B
A26-5117,final,complete,77,75,85,2026-03-23T17:40-07:00,1,P-C
A26-9726,screening,complete,60,77,86,2026-03-08T12:00-08:00,1,P-A
A26-9316,final,pending,83,72,90,2026-03-14T13:20-07:00,1,P-B
A26-6575,final,complete,88,86,72,2026-03-22T09:40-07:00,1,P-D
A26-7380,screening,complete,72,91,72,2026-03-07T10:00-08:00,1,P-D
A26-9525,screening,complete,78,92,88,2026-03-08T12:00-08:00,1,P-D
A26-6742,final,complete,83,94,96,2026-03-28T11:00-07:00,1,P-D
A26-5013,final,complete,83,94,85,2026-03-11T15:00-07:00,1,P-C
A26-5078,final,complete,76,89,94,2026-03-12T09:20-07:00,1,P-D
A26-6723,screening,complete,93,68,67,2026-03-04T11:00-08:00,1,P-C
A26-0918,final,complete,87,92,87,2026-03-16T09:40-07:00,1,P-D
A26-5021,final,complete,86,93,81,2026-03-17T09:40-07:00,2,P-A
A26-1695,final,complete,89,92,71,2026-03-19T12:00-07:00,1,P-B
A26-1455,final,complete,94,98,97,2026-03-22T15:40-07:00,1,P-B
A26-1673,screening,complete,84,88,79,2026-03-07T09:00-08:00,1,P-C
A26-1873,final,complete,76,77,91,2026-03-21T14:20-07:00,1,P-A
A26-5055,final,complete,74,77,85,2026-03-21T15:40-07:00,1,P-D
A26-6215,final,complete,86,83,99,2026-03-15T15:20-07:00,1,P-D
A26-9928,final,complete,75,94,75,2026-03-18T11:20-07:00,1,P-A
A26-3051,screening,complete,71,91,60,2026-03-06T12:00-08:00,1,P-B
A26-3000,final,complete,80,84,80,2026-03-23T12:40-07:00,1,P-A
A26-5016,final,complete,81,89,96,2026-03-19T09:40-07:00,1,P-C
A26-9571,final,complete,83,75,91,2026-03-20T10:00-07:00,1,P-A
A26-8896,final,complete,75,81,98,2026-03-13T11:40-07:00,1,P-C
A26-1133,final,complete,86,77,84,2026-03-09T16:20-07:00,1,P-D
A26-6126,final,complete,87,86,95,2026-03-19T12:20-07:00,1,P-C
A26-4229,screening,complete,95,65,86,2026-03-04T15:00-08:00,1,P-A
A26-5026,screening,complete,69,84,76,2026-03-02T12:00-08:00,1,P-A
A26-2031,screening,complete,97,90,89,2026-03-02T09:00-08:00,1,P-B
A26-2482,screening,complete,80,79,99,2026-03-08T09:00-08:00,1,P-B
A26-4805,final,complete,83,94,99,2026-03-20T15:00-07:00,1,P-A
A26-5138,screening,complete,66,89,66,2026-03-02T13:00-08:00,1,P-B
A26-1873,screening,complete,86,66,69,2026-03-07T14:00-08:00,1,P-D
A26-8545,screening,complete,93,66,88,2026-03-05T16:00-08:00,1,P-C
A26-5099,screening,complete,62,67,93,2026-03-04T16:00-08:00,1,P-D
A26-1380,screening,complete,67,82,70,2026-03-06T13:00-08:00,1,P-C
A26-5123,final,complete,82,75,75,2026-03-12T14:40-07:00,1,P-B
A26-1873,final,complete,81,74,87,2026-03-18T14:20-07:00,1,P-D
A26-8574,final,pending,74,82,87,2026-03-22T10:20-07:00,1,P-A
A26-5166,final,complete,75,97,89,2026-03-19T12:00-07:00,1,P-B
A26-0399,final,complete,76,83,92,2026-03-12T15:40-07:00,1,P-C
A26-5274,final,complete,93,93,89,2026-03-15T17:20-07:00,1,P-B
A26-5547,screening,complete,83,81,75,2026-03-04T10:00-08:00,1,P-B
A26-7111,final,complete,75,81,97,2026-03-22T14:40-07:00,1,P-B
A26-3614,final,complete,80,96,94,2026-03-07T09:40-07:00,1,P-C
A26-0754,final,complete,79,91,71,2026-03-23T10:00-07:00,1,P-B
A26-8259,final,complete,85,78,83,2026-03-18T11:20-07:00,2,P-B
A26-8576,screening,complete,57,82,72,2026-03-02T15:00-08:00,1,P-B
A26-7399,final,complete,83,76,81,2026-03-12T14:40-07:00,1,P-D
A26-9016,final,complete,79,89,90,2026-03-13T14:40-07:00,1,P-D
A26-4862,final,complete,99,68,95,2026-03-16T17:00-07:00,1,P-B
A26-5696,final,complete,76,84,70,2026-03-10T13:20-07:00,1,P-B
A26-0600,screening,complete,93,74,75,2026-03-06T11:00-08:00,1,P-B
A26-4010,final,complete,79,85,99,2026-03-12T17:20-07:00,1,P-D
A26-5119,final,complete,80,78,88,2026-03-17T15:00-07:00,1,P-B
A26-6954,final,complete,79,95,88,2026-03-14T16:40-07:00,1,P-C
A26-2977,final,pending,77,84,72,2026-03-12T16:20-07:00,1,P-A
A26-8205,final,complete,89,75,92,2026-03-15T11:40-07:00,1,P-D
A26-5053,screening,complete,96,73,66,2026-03-03T15:00-08:00,1,P-B
A26-4430,final,complete,77,93,71,2026-03-12T17:00-07:00,1,P-D
A26-9295,final,complete,79,79,80,2026-03-13T11:20-07:00,1,P-A
A26-5018,final,complete,92,78,96,2026-03-22T16:00-07:00,1,P-C
A26-2933,final,complete,98,73,85,2026-03-17T10:20-07:00,1,P-A
A26-5057,final,complete,85,82,94,2026-03-14T17:40-07:00,1,P-B
A26-5074,final,pending,86,97,94,2026-03-19T10:40-07:00,1,P-D
A26-5169,screening,complete,71,97,72,2026-03-03T09:00-08:00,1,P-A
A26-4142,final,complete,70,74,72,2026-03-12T15:20-07:00,1,P-B
A26-6280,final,complete,88,99,90,2026-03-15T16:40-07:00,1,P-B
A26-1175,screening,complete,68,92,67,2026-03-07T16:00-08:00,1,P-C
A26-8259,final,complete,90,76,79,2026-03-11T11:20-07:00,1,P-B
A26-5170,final,complete,92,98,73,2026-03-16T15:40-07:00,1,P-C
A26-3051,final,complete,96,81,88,2026-03-15T16:20-07:00,1,P-A
A26-8689,final,complete,87,97,96,2026-03-19T12:20-07:00,1,P-A
A26-6808,screening,complete,68,70,86,2026-03-06T16:00-08:00,1,P-B
A26-2239,final,complete,88,74,89,2026-03-17T15:40-07:00,1,P-C
A26-4388,final,complete,96,94,94,2026-03-18T14:00-07:00,2,P-B
A26-1004,screening,complete,64,82,69,2026-03-06T12:00-08:00,1,P-A
A26-8544,final,complete,89,75,72,2026-03-23T09:40-07:00,1,P-A
A26-5075,final,complete,92,72,95,2026-03-14T12:20-07:00,1,P-D
A26-5076,final,complete,77,90,91,2026-03-21T17:20-07:00,1,P-A
A26-1298,final,complete,98,91,87,2026-03-05T17:00-07:00,1,P-C
A26-5155,final,complete,76,76,79,2026-03-13T16:00-07:00,1,P-B
A26-5072,final,complete,72,86,83,2026-03-06T10:20-07:00,1,P-D
A26-5160,screening,complete,74,77,72,2026-03-06T09:00-08:00,1,P-D
A26-9786,final,complete,77,77,90,2026-03-23T09:00-07:00,1,P-C
A26-0044,screening,complete,88,67,94,2026-03-03T11:00-08:00,1,P-C
A26-5002,final,complete,78,85,91,2026-03-23T11:40-07:00,1,P-C
A26-9984,final,complete,83,83,75,2026-03-16T15:40-07:00,1,P-D
A26-2619,screening,complete,,93,81,2026-03-04T14:00-08:00,1,P-D
A26-5085,final,complete,78,89,90,2026-03-12T14:40-07:00,1,P-A
A26-0994,final,complete,98,97,95,2026-03-18T09:40-07:00,1,P-B
A26-8574,screening,complete,88,94,74,2026-03-05T15:00-08:00,1,P-C
A26-2709,screening,complete,60,97,67,2026-03-01T12:00-08:00,1,P-A
A26-5113,screening,complete,71,87,93,2026-03-07T12:00-08:00,1,P-D
A26-8425,final,complete,72,98,92,2026-03-15T09:00-07:00,1,P-B
A26-5076,screening,complete,91,70,65,2026-03-03T13:00-08:00,1,P-D
A26-5017,final,complete,79,77,78,2026-03-15T09:20-07:00,1,P-D
A26-0685,screening,complete,98,67,62,2026-03-02T10:00-08:00,1,P-A
A26-7111,screening,complete,75,97,86,2026-03-02T09:00-08:00,1,P-D
A26-5007,final,complete,75,88,78,2026-03-15T17:20-07:00,1,P-D
A26-4971,final,complete,81,79,85,2026-03-18T13:00-07:00,1,P-D
A26-5082,final,complete,84,91,89,2026-03-13T11:40-07:00,1,P-D
A26-8862,final,complete,73,73,95,2026-03-21T17:00-07:00,1,P-D
A26-5043,final,complete,79,72,74,2026-03-23T12:40-07:00,1,P-A
A26-5037,final,pending,81,74,70,2026-03-20T12:40-07:00,1,P-A
A26-1695,final,pending,82,89,70,2026-03-22T12:00-07:00,1,P-B
A26-0918,final,complete,84,95,91,2026-03-22T09:40-07:00,1,P-C
A26-5005,final,complete,83,86,92,2026-03-16T17:00-07:00,1,P-D
A26-9786,final,complete,72,77,91,2026-03-18T09:00-07:00,1,P-A
A26-3326,final,complete,74,95,83,2026-03-18T17:40-07:00,1,P-C
A26-5137,final,pending,78,81,97,2026-03-16T17:40-07:00,1,P-D
A26-8466,final,complete,83,88,79,2026-03-20T12:00-07:00,1,P-A
A26-4127,final,complete,94,99,96,2026-03-23T12:00-07:00,1,P-C
A26-8176,final,complete,91,75,72,2026-03-12T14:00-07:00,1,P-D
A26-5696,final,pending,74,80,71,2026-03-16T13:20-07:00,1,P-C
A26-3108,screening,complete,,94,63,2026-03-05T11:00-08:00,1,P-A
A26-5124,final,complete,71,72,66,2026-03-20T09:40-07:00,1,P-C
A26-9269,final,complete,75,75,92,2026-03-21T15:00-07:00,1,P-A
A26-6126,final,complete,95,87,93,2026-03-15T12:20-07:00,1,P-D
A26-1026,screening,complete,95,90,84,2026-03-06T09:00-08:00,1,P-C
A26-5148,screening,complete,78,96,67,2026-03-07T09:00-08:00,1,P-A
A26-1723,screening,complete,80,82,67,2026-03-05T11:00-08:00,1,P-D
A26-3984,final,complete,91,75,79,2026-03-12T11:00-07:00,1,P-A
A26-1026,final,complete,84,92,80,2026-03-21T16:00-07:00,1,P-C
A26-4495,screening,complete,88,97,71,2026-03-03T12:00-08:00,1,P-B
A26-1830,screening,complete,87,85,71,2026-03-03T09:00-08:00,1,P-D
A26-7399,screening,complete,72,78,64,2026-03-06T10:00-08:00,1,P-D
A26-1817,final,complete,80,93,93,2026-03-14T14:20-07:00,1,P-C
A26-6726,screening,complete,86,97,90,2026-03-03T10:00-08:00,1,P-A
A26-5133,screening,complete,84,86,79,2026-03-01T15:00-08:00,1,P-D
A26-1133,final,pending,83,80,80,2026-03-13T16:20-07:00,1,P-A
A26-5052,final,complete,80,75,94,2026-03-23T15:40-07:00,1,P-A
A26-5027,screening,complete,74,70,62,2026-03-01T12:00-08:00,1,P-C
A26-5083,final,complete,85,95,95,2026-03-12T13:00-07:00,1,P-C
A26-5172,final,complete,82,80,92,2026-03-23T14:40-07:00,1,P-A
A26-1430,final,complete,88,94,91,2026-03-12T16:20-07:00,1,P-A
A26-5147,screening,complete,69,82,69,2026-03-08T15:00-08:00,1,P-C
A26-5065,final,complete,73,86,86,2026-03-17T12:00-07:00,1,P-C
A26-4388,screening,complete,,81,78,2026-03-07T11:00-08:00,1,P-D
A26-5239,final,complete,79,69,86,2026-03-09T12:00-07:00,1,P-D
A26-5153,final,complete,77,90,86,2026-03-21T11:20-07:00,1,P-D
A26-5119,screening,complete,77,85,67,2026-03-08T11:00-08:00,1,P-B
A26-1502,final,complete,79,84,72,2026-03-23T09:20-07:00,1,P-D
A26-8910,final,complete,70,73,83,2026-03-16T16:00-07:00,1,P-C
A26-4568,final,pending,88,94,86,2026-03-17T10:00-07:00,1,P-C
A26-3815,final,complete,90,98,86,2026-03-28T11:00-07:00,1,P-D
A26-7987,final,complete,93,84,89,2026-03-15T16:40-07:00,1,P-D
A26-4495,final,complete,92,85,84,2026-03-16T09:40-07:00,1,P-B
A26-0166,final,complete,80,82,81,2026-03-16T09:00-07:00,1,P-D
A26-5042,screening,complete,79,81,80,2026-03-03T12:00-08:00,1,P-A
A26-0715,screening,complete,66,65,97,2026-03-05T13:00-08:00,1,P-C
A26-3815,final,complete,87,99,88,2026-03-10T13:40-07:00,1,P-C
A26-5091,screening,complete,76,87,87,2026-03-03T16:00-08:00,1,P-C
A26-5064,final,complete,74,72,70,2026-03-12T15:00-07:00,1,P-B
A26-5159,final,complete,81,86,88,2026-03-12T16:40-07:00,1,P-B
A26-9786,screening,complete,83,66,87,2026-03-03T10:00-08:00,1,P-A
A26-5117,final,complete,71,74,85,2026-03-20T17:40-07:00,1,P-C
A26-6401,screening,complete,84,91,88,2026-03-05T10:00-08:00,1,P-D
A26-9486,final,complete,73,94,75,2026-03-16T09:00-07:00,1,P-B
A26-8081,final,pending,77,77,78,2026-03-23T15:20-07:00,1,P-A
A26-0135,final,complete,79,98,86,2026-03-20T16:20-07:00,1,P-A
A26-3833,final,complete,87,89,90,2026-03-11T16:40-07:00,1,P-A
A26-5180,final,complete,78,90,92,2026-03-18T15:00-07:00,1,P-C
A26-4264,screening,complete,59,79,81,2026-03-07T10:00-08:00,1,P-D
A26-2914,final,complete,94,97,96,2026-03-18T13:40-07:00,1,P-C
A26-5055,screening,complete,63,72,83,2026-03-01T14:00-08:00,1,P-C
A26-5110,screening,complete,67,96,90,2026-03-02T12:00-08:00,1,P-D
A26-5183,final,complete,87,93,73,2026-03-18T13:20-07:00,1,P-D
A26-1244,screening,complete,59,82,74,2026-03-03T10:00-08:00,1,P-C
A26-5176,final,complete,84,96,79,2026-03-10T10:40-07:00,1,P-B
A26-2525,screening,complete,92,79,77,2026-03-08T10:00-08:00,1,P-C
A26-4985,final,complete,88,77,87,2026-03-14T15:00-07:00,1,P-C
A26-5008,final,complete,96,77,77,2026-03-13T14:20-07:00,1,P-C
A26-8862,screening,complete,77,94,90,2026-03-07T10:00-08:00,1,P-C
A26-9295,final,complete,83,81,83,2026-03-16T11:20-07:00,1,P-A
A26-7021,final,complete,78,93,74,2026-03-15T16:00-07:00,1,P-B
A26-5044,screening,complete,89,88,96,2026-03-01T16:00-08:00,1,P-A
A26-0138,final,complete,75,80,75,2026-03-14T16:00-07:00,2,P-D
A26-9969,final,complete,83,79,74,2026-03-18T12:40-07:00,2,P-A
A26-0307,final,complete,91,79,94,2026-03-28T11:00-07:00,1,P-D
A26-1778,screening,complete,86,85,78,2026-03-05T09:00-08:00,1,P-A
A26-5151,screening,complete,66,86,80,2026-03-02T10:00-08:00,1,P-A
A26-2367,final,complete,78,79,89,2026-03-15T10:00-07:00,1,P-D
A26-2367,screening,complete,90,90,74,2026-03-04T12:00-08:00,1,P-D
A26-1298,final,complete,90,88,84,2026-03-12T17:00-07:00,1,P-C
A26-0953,screening,complete,72,69,99,2026-03-01T14:00-08:00,1,P-A
A26-0328,screening,complete,81,67,93,2026-03-06T13:00-08:00,1,P-C
A26-5005,final,complete,85,85,88,2026-03-28T11:00-07:00,1,P-D
A26-8803,final,complete,81,96,79,2026-03-15T16:20-07:00,1,P-C
A26-0737,final,complete,71,80,87,2026-03-11T12:40-07:00,1,P-A
A26-9809,screening,complete,90,96,70,2026-03-05T16:00-08:00,1,P-D
A26-1206,final,complete,93,83,96,2026-03-17T13:00-07:00,1,P-A
A26-5162,screening,complete,87,96,98,2026-03-04T11:00-08:00,1,P-C
A26-5126,final,complete,84,89,93,2026-03-09T09:40-07:00,1,P-D
A26-9698,screening,complete,75,95,70,2026-03-05T11:00-08:00,1,P-C
A26-6254,final,complete,82,76,70,2026-03-18T09:20-07:00,1,P-C
A26-2381,final,complete,85,91,81,2026-03-23T09:40-07:00,1,P-B
A26-5163,final,pending,93,74,90,2026-03-18T14:20-07:00,1,P-C
A26-1237,final,complete,87,78,75,2026-03-22T15:40-07:00,1,P-C
A26-5110,final,complete,76,94,84,2026-03-22T09:40-07:00,1,P-D
A26-5096,screening,complete,94,87,87,2026-03-05T14:00-08:00,1,P-B
A26-5026,final,complete,92,92,74,2026-03-08T13:40-07:00,1,P-C
A26-5060,screening,complete,96,75,76,2026-03-08T15:00-08:00,1,P-D
A26-5675,screening,complete,84,79,68,2026-03-02T09:00-08:00,1,P-C
A26-1251,screening,complete,97,92,61,2026-03-07T10:00-08:00,1,P-C
A26-7566,screening,complete,62,67,85,2026-03-08T15:00-08:00,1,P-A
A26-8545,final,complete,88,79,86,2026-03-19T09:00-07:00,1,P-C
A26-3722,final,complete,73,80,83,2026-03-17T17:40-07:00,1,P-A
A26-1732,final,complete,84,97,88,2026-03-18T14:40-07:00,1,P-D
A26-4218,final,complete,,97,90,2026-03-11T11:00-07:00,1,P-B
A26-2026,screening,complete,72,91,86,2026-03-04T11:00-08:00,1,P-A
A26-0934,final,complete,86,98,77,2026-03-12T11:00-07:00,2,P-B
A26-3425,final,complete,93,72,80,2026-03-20T09:20-07:00,1,P-C
A26-5075,final,complete,96,69,98,2026-03-13T12:20-07:00,1,P-A
A26-9218,final,complete,84,89,89,2026-03-19T09:20-07:00,1,P-D
A26-9872,final,complete,79,73,94,2026-03-16T12:00-07:00,1,P-B
A26-3936,final,complete,86,75,98,2026-03-12T10:40-07:00,1,P-C
A26-5183,final,complete,91,93,73,2026-03-28T11:00-07:00,1,P-D
A26-5085,screening,complete,56,78,92,2026-03-06T14:00-08:00,1,P-C
A26-6018,final,complete,89,84,74,2026-03-15T16:00-07:00,1,P-C
A26-0953,final,complete,81,73,97,2026-03-22T09:20-07:00,1,P-D
A26-3732,final,complete,86,95,84,2026-03-22T10:20-07:00,1,P-D
A26-1265,final,complete,99,76,93,2026-03-08T17:00-07:00,1,P-B
A26-5769,screening,complete,59,99,95,2026-03-07T13:00-08:00,1,P-C
A26-2244,final,complete,91,93,90,2026-03-20T10:20-07:00,2,P-C
A26-5070,final,complete,87,85,74,2026-03-15T09:20-07:00,1,P-A
A26-5098,final,complete,80,74,92,2026-03-15T14:40-07:00,1,P-A
A26-5035,final,complete,73,73,72,2026-03-22T11:40-07:00,1,P-D
A26-5094,final,complete,80,98,98,2026-03-16T14:20-07:00,1,P-B
A26-6745,screening,complete,89,65,62,2026-03-06T11:00-08:00,1,P-A
A26-1732,final,complete,87,97,88,2026-03-18T14:40-07:00,2,P-D
A26-4787,final,complete,79,96,98,2026-03-18T11:20-07:00,1,P-D
A26-1505,screening,complete,56,93,89,2026-03-04T15:00-08:00,1,P-C
A26-2709,final,complete,89,98,82,2026-03-13T11:40-07:00,1,P-C
A26-7367,screening,complete,91,95,66,2026-03-08T13:00-08:00,1,P-B
A26-5824,final,complete,77,86,85,2026-03-13T12:20-07:00,1,P-A
A26-5067,final,complete,83,84,81,2026-03-10T17:00-07:00,1,P-B
A26-1347,final,complete,70,91,81,2026-03-17T12:40-07:00,1,P-C
A26-6954,screening,complete,94,99,85,2026-03-03T14:00-08:00,1,P-C
A26-8377,screening,complete,77,81,97,2026-03-08T14:00-08:00,1,P-C
A26-5071,final,complete,82,76,86,2026-03-11T14:00-07:00,1,P-B
A26-5073,final,complete,72,85,72,2026-03-14T16:00-07:00,1,P-C
A26-9014,screening,complete,68,87,68,2026-03-06T15:00-08:00,1,P-B
A26-5109,final,complete,73,92,83,2026-03-13T10:00-07:00,1,P-A
A26-2120,final,complete,87,78,93,2026-03-18T16:00-07:00,1,P-C
A26-5044,final,complete,92,88,74,2026-03-16T14:00-07:00,1,P-C
A26-5077,final,complete,84,91,67,2026-03-09T17:40-07:00,1,P-D
A26-4218,screening,complete,,67,84,2026-03-01T10:00-08:00,1,P-C
A26-5095,screening,complete,63,65,95,2026-03-08T15:00-08:00,1,P-C
A26-8176,screening,complete,84,95,71,2026-03-01T15:00-08:00,1,P-B
A26-5146,final,complete,94,78,75,2026-03-20T16:40-07:00,1,P-C
A26-6215,screening,complete,61,66,69,2026-03-03T11:00-08:00,1,P-D
A26-3028,screening,complete,58,74,67,2026-03-04T09:00-08:00,1,P-B
A26-1331,final,pending,82,86,94,2026-03-21T14:00-07:00,1,P-D
A26-2088,final,complete,84,94,77,2026-03-21T12:40-07:00,1,P-A
A26-4873,screening,complete,83,93,98,2026-03-04T14:00-08:00,1,P-B
A26-5015,final,complete,75,94,82,2026-03-12T10:40-07:00,1,P-A
A26-5168,final,complete,88,79,71,2026-03-13T11:00-07:00,1,P-C
A26-0841,final,complete,99,99,92,2026-03-14T10:40-07:00,1,P-D
A26-2619,final,complete,84,97,95,2026-03-19T12:20-07:00,1,P-B
A26-9115,final,complete,77,81,82,2026-03-21T16:20-07:00,2,P-C
A26-1881,final,complete,88,93,85,2026-03-21T10:20-07:00,2,P-D
A26-4847,screening,complete,95,80,87,2026-03-04T12:00-08:00,1,P-B
A26-5127,final,complete,79,87,83,2026-03-12T16:00-07:00,1,P-C
A26-3355,final,complete,97,89,84,2026-03-05T17:40-07:00,1,P-A
A26-6808,final,complete,84,94,71,2026-03-13T14:00-07:00,1,P-C
A26-7725,final,complete,69,95,99,2026-03-18T09:00-07:00,1,P-D
A26-5134,final,complete,92,88,83,2026-03-17T09:00-07:00,1,P-C
A26-3016,screening,complete,79,73,92,2026-03-06T09:00-08:00,1,P-A
A26-5047,final,complete,87,94,79,2026-03-13T11:20-07:00,1,P-D
A26-3614,final,complete,72,93,91,2026-03-15T09:40-07:00,1,P-A
A26-4951,screening,complete,87,95,73,2026-03-04T16:00-08:00,1,P-C
A26-0138,final,complete,72,80,75,2026-03-14T16:00-07:00,1,P-D
A26-5135,final,complete,82,73,73,2026-03-22T16:40-07:00,1,P-B
A26-1298,screening,complete,64,96,98,2026-03-03T15:00-08:00,1,P-D
A26-5490,final,complete,91,91,98,2026-03-28T11:00-07:00,1,P-D
A26-3079,final,complete,74,89,75,2026-03-19T12:40-07:00,1,P-C
A26-5149,final,complete,74,93,97,2026-03-08T13:00-07:00,1,P-A
A26-3929,final,complete,79,72,91,2026-03-13T16:20-07:00,1,P-A
A26-9316,screening,complete,72,76,75,2026-03-06T13:00-08:00,1,P-A
A26-7399,final,complete,84,79,81,2026-03-08T14:40-07:00,1,P-B
A26-4074,final,complete,93,85,74,2026-03-19T17:00-07:00,1,P-B
A26-3635,final,complete,88,86,90,2026-03-22T17:40-07:00,1,P-A
A26-2933,screening,complete,73,81,72,2026-03-02T11:00-08:00,1,P-D
A26-8309,final,complete,88,80,98,2026-03-23T13:40-07:00,1,P-C
A26-5013,screening,complete,63,82,62,2026-03-03T16:00-08:00,1,P-A
A26-3538,screening,complete,58,71,79,2026-03-08T09:00-08:00,1,P-C
A26-2331,screening,complete,60,89,70,2026-03-08T14:00-08:00,1,P-D
A26-3554,final,complete,82,89,72,2026-03-15T11:20-07:00,1,P-A
A26-9411,screening,complete,76,85,98,2026-03-05T16:00-08:00,1,P-C
A26-5174,screening,complete,65,91,64,2026-03-05T12:00-08:00,1,P-A
A26-2356,screening,complete,76,74,94,2026-03-01T15:00-08:00,1,P-D
A26-7705,final,pending,80,75,73,2026-03-13T17:40-07:00,1,P-A
A26-1814,screening,complete,55,82,64,2026-03-04T11:00-08:00,1,P-A
A26-5053,final,complete,86,83,73,2026-03-16T11:20-07:00,1,P-A
A26-5239,screening,complete,70,87,91,2026-03-07T14:00-08:00,1,P-D
A26-5167,screening,complete,59,83,65,2026-03-08T14:00-08:00,1,P-D
A26-2159,final,complete,77,83,80,2026-03-28T11:00-07:00,1,P-D
A26-5396,final,complete,88,88,84,2026-03-17T09:20-07:00,2,P-D
A26-8474,screening,complete,82,92,78,2026-03-07T13:00-08:00,1,P-D
A26-5010,final,complete,89,79,99,2026-03-14T09:20-07:00,1,P-D
A26-4074,screening,complete,91,66,65,2026-03-01T11:00-08:00,1,P-D
A26-5018,screening,complete,64,98,72,2026-03-03T13:00-08:00,1,P-B
A26-5093,final,complete,89,98,80,2026-03-13T15:20-07:00,1,P-A
A26-4993,screening,complete,78,70,74,2026-03-01T16:00-08:00,1,P-D
A26-0201,final,complete,71,95,80,2026-03-13T09:40-07:00,1,P-C
A26-6745,final,complete,94,79,76,2026-03-17T16:00-07:00,1,P-B
A26-4847,final,complete,80,90,69,2026-03-08T15:20-07:00,1,P-B
A26-2278,final,complete,70,76,87,2026-03-17T10:00-07:00,1,P-D
A26-0841,final,complete,90,98,94,2026-03-20T10:40-07:00,2,P-A
A26-1289,final,complete,81,73,85,2026-03-17T09:40-07:00,1,P-C
A26-5041,final,complete,92,96,95,2026-03-20T17:00-07:00,1,P-C
A26-5177,screening,complete,94,94,95,2026-03-03T16:00-08:00,1,P-A
A26-6617,final,complete,76,96,82,2026-03-19T13:20-07:00,1,P-C
A26-5063,final,complete,86,83,91,2026-03-19T13:40-07:00,1,P-D
A26-4984,screening,complete,63,99,95,2026-03-08T11:00-08:00,1,P-B
A26-1847,screening,complete,,71,73,2026-03-01T16:00-08:00,1,P-A
A26-5142,screening,complete,89,98,87,2026-03-05T16:00-08:00,1,P-C
A26-2031,final,complete,72,88,88,2026-03-15T12:20-07:00,1,P-D
A26-3732,final,complete,87,98,86,2026-03-15T10:20-07:00,1,P-C
A26-4264,final,complete,84,72,93,2026-03-21T16:40-07:00,1,P-A
A26-5146,screening,complete,71,75,74,2026-03-03T16:00-08:00,1,P-B
A26-1447,final,complete,87,77,71,2026-03-18T14:20-07:00,1,P-A
A26-5007,screening,complete,80,66,78,2026-03-03T15:00-08:00,1,P-B
A26-5071,final,complete,84,74,88,2026-03-16T14:00-07:00,1,P-C
A26-5140,final,complete,92,77,74,2026-03-20T11:40-07:00,1,P-C
A26-6129,final,complete,88,77,74,2026-03-17T17:40-07:00,1,P-B
A26-5174,final,complete,95,83,87,2026-03-06T09:20-07:00,1,P-C
A26-0309,screening,complete,82,69,96,2026-03-07T11:00-08:00,1,P-B
A26-5020,final,pending,80,82,75,2026-03-16T09:00-07:00,1,P-C
A26-5128,screening,complete,90,68,75,2026-03-04T09:00-08:00,1,P-D
A26-2493,final,pending,92,93,76,2026-03-12T12:00-07:00,1,P-C
A26-2800,screening,complete,85,92,90,2026-03-03T15:00-08:00,1,P-B
A26-2244,screening,complete,99,65,76,2026-03-08T14:00-08:00,1,P-B
A26-5039,screening,complete,57,95,73,2026-03-04T11:00-08:00,1,P-C
A26-7784,final,complete,70,78,72,2026-03-16T16:20-07:00,1,P-D
A26-9928,screening,complete,68,81,86,2026-03-08T12:00-08:00,1,P-A
A26-8260,final,pending,80,81,79,2026-03-17T10:40-07:00,1,P-B
A26-2739,screening,complete,85,67,63,2026-03-01T15:00-08:00,1,P-B
A26-1447,screening,complete,95,97,93,2026-03-07T13:00-08:00,1,P-B
A26-2052,screening,complete,55,73,72,2026-03-07T10:00-08:00,1,P-D
A26-0620,final,complete,78,98,78,2026-03-12T15:00-07:00,1,P-C
A26-0918,screening,complete,67,70,87,2026-03-06T13:00-08:00,1,P-D
A26-3484,screening,complete,56,78,72,2026-03-04T16:00-08:00,1,P-C
A26-4453,final,complete,90,94,97,2026-03-14T17:00-07:00,1,P-C
A26-5171,final,complete,85,72,74,2026-03-16T11:00-07:00,1,P-C
A26-9571,screening,complete,92,65,94,2026-03-01T12:00-08:00,1,P-B
A26-8764,final,complete,92,82,90,2026-03-10T15:20-07:00,1,P-A
A26-5181,screening,complete,55,88,66,2026-03-06T09:00-08:00,1,P-C
A26-0841,final,complete,87,98,94,2026-03-20T10:40-07:00,1,P-D
A26-6018,screening,complete,71,74,90,2026-03-05T16:00-08:00,1,P-A
A26-5131,final,complete,75,88,82,2026-03-28T11:00-07:00,1,P-D
A26-1069,final,complete,91,85,85,2026-03-15T09:40-07:00,1,P-A
A26-5133,final,complete,92,91,93,2026-03-12T14:20-07:00,1,P-B
A26-9014,final,complete,92,89,79,2026-03-16T11:00-07:00,1,P-A
A26-5142,final,complete,87,75,78,2026-03-07T15:00-07:00,1,P-C
A26-9872,final,complete,82,73,94,2026-03-16T12:00-07:00,2,P-B
A26-5054,screening,complete,66,69,78,2026-03-07T15:00-08:00,1,P-B
A26-5023,final,complete,87,96,98,2026-03-16T16:20-07:00,1,P-C
A26-6165,final,complete,82,93,93,2026-03-23T09:00-07:00,1,P-A
A26-5008,screening,complete,63,98,78,2026-03-06T11:00-08:00,1,P-A
A26-9407,final,complete,92,83,78,2026-03-19T10:00-07:00,1,P-B
A26-5573,screening,complete,67,87,69,2026-03-06T11:00-08:00,1,P-B
A26-8474,final,complete,79,81,82,2026-03-17T10:40-07:00,1,P-B
A26-2381,final,complete,81,91,81,2026-03-28T11:00-07:00,1,P-D
A26-3538,final,pending,77,98,83,2026-03-18T13:20-07:00,1,P-A
A26-4010,final,complete,82,85,97,2026-03-14T17:20-07:00,1,P-B
A26-5028,screening,complete,55,69,91,2026-03-04T12:00-08:00,1,P-D
A26-5061,final,complete,92,73,73,2026-03-17T11:00-07:00,1,P-A
A26-8788,screening,complete,77,71,64,2026-03-07T16:00-08:00,1,P-D
A26-3936,screening,complete,55,71,94,2026-03-07T11:00-08:00,1,P-A
A26-2914,final,complete,,99,95,2026-03-11T13:40-07:00,1,P-A
A26-5970,final,complete,84,91,93,2026-03-09T16:00-07:00,1,P-B
A26-5181,final,pending,79,94,76,2026-03-13T17:20-07:00,1,P-D
A26-5097,final,pending,72,85,76,2026-03-20T10:00-07:00,1,P-C
A26-5009,final,complete,87,87,75,2026-03-19T15:20-07:00,1,P-D
A26-6254,screening,complete,77,81,87,2026-03-04T11:00-08:00,1,P-A
A26-4057,final,complete,93,73,87,2026-03-20T15:20-07:00,1,P-B
A26-5061,screening,complete,87,71,97,2026-03-05T15:00-08:00,1,P-C
A26-0015,final,complete,79,75,97,2026-03-19T16:00-07:00,1,P-D
A26-5015,final,complete,78,90,78,2026-03-10T10:40-07:00,1,P-B
A26-5090,final,complete,91,95,82,2026-03-12T16:40-07:00,1,P-D
A26-5138,final,complete,75,92,86,2026-03-17T13:20-07:00,1,P-C
A26-1099,final,complete,86,74,70,2026-03-28T11:00-07:00,1,P-D
A26-5171,screening,complete,98,67,89,2026-03-02T16:00-08:00,1,P-C
A26-9806,screening,complete,57,75,89,2026-03-04T11:00-08:00,1,P-C
A26-5036,final,complete,77,99,68,2026-03-11T12:00-07:00,1,P-A
A26-5139,final,complete,76,96,73,2026-03-12T09:00-07:00,1,P-B
A26-0932,final,complete,75,78,78,2026-03-14T10:00-07:00,1,P-C
A26-5079,screening,complete,68,69,73,2026-03-06T11:00-08:00,1,P-A
A26-3000,screening,complete,57,69,70,2026-03-03T13:00-08:00,1,P-C
A26-1817,screening,complete,92,71,64,2026-03-02T15:00-08:00,1,P-B
A26-1380,final,complete,83,94,78,2026-03-09T15:20-07:00,1,P-C
A26-3108,final,complete,96,95,92,2026-03-14T12:40-07:00,1,P-B
A26-8803,final,complete,73,92,79,2026-03-18T16:20-07:00,1,P-C
A26-5047,screening,complete,90,96,74,2026-03-06T12:00-08:00,1,P-C
A26-5107,final,complete,79,75,97,2026-03-18T12:20-07:00,1,P-B
A26-2183,final,complete,76,75,79,2026-03-14T15:40-07:00,1,P-D
A26-9797,final,complete,75,84,84,2026-03-21T12:40-07:00,1,P-D
A26-5050,final,complete,85,80,75,2026-03-23T17:40-07:00,1,P-D
A26-9809,final,complete,91,73,93,2026-03-16T14:00-07:00,1,P-C
A26-1343,final,complete,78,72,95,2026-03-15T11:00-07:00,1,P-B
A26-6587,final,complete,84,84,85,2026-03-15T11:00-07:00,1,P-B
A26-1154,final,complete,72,76,77,2026-03-28T11:00-07:00,1,P-D
A26-5442,final,complete,69,88,88,2026-03-22T12:00-07:00,1,P-A
A26-5118,screening,complete,85,78,77,2026-03-03T11:00-08:00,1,P-C
A26-3355,final,complete,96,89,82,2026-03-28T11:00-07:00,1,P-D
A26-5121,final,complete,77,87,82,2026-03-23T17:20-07:00,1,P-B
A26-7117,final,complete,72,85,80,2026-03-23T15:40-07:00,1,P-C
A26-5133,final,complete,89,95,95,2026-03-18T14:20-07:00,1,P-B
A26-5145,screening,complete,59,81,97,2026-03-01T11:00-08:00,1,P-B
A26-5021,final,complete,82,93,81,2026-03-28T11:00-07:00,1,P-D
A26-8788,final,complete,92,87,73,2026-03-21T16:20-07:00,1,P-C
A26-0622,screening,complete,97,70,77,2026-03-03T16:00-08:00,1,P-B
A26-0817,final,complete,71,84,90,2026-03-13T10:00-07:00,1,P-C
A26-5400,screening,complete,58,72,86,2026-03-07T14:00-08:00,1,P-A
A26-5116,final,complete,75,98,77,2026-03-13T12:20-07:00,1,P-A
A26-6326,final,complete,93,75,85,2026-03-09T10:40-07:00,1,P-A
A26-9407,screening,complete,68,99,99,2026-03-03T16:00-08:00,1,P-B
A26-5159,screening,complete,87,67,88,2026-03-04T14:00-08:00,1,P-D
A26-1998,final,complete,99,99,99,2026-03-22T10:00-07:00,1,P-A
A26-1999,final,complete,98,98,98,2026-03-22T10:15-07:00,1,P-B
A26-2000,final,complete,97,97,97,2026-03-22T10:30-07:00,1,P-C
A26-2001,final,complete,94,97,97,2026-03-22T10:45-07:00,1,P-D
